date,amount,price,sid,symbol,value
2011-05-17 00:00:00+00:00,40,232.0,15,BATA,-9280.0
2011-05-17 00:00:00+00:00,34,264.4,18,BHEL,-8989.599999999999
2011-05-17 00:00:00+00:00,53,178.0,31,CADI,-9434.0
2011-05-17 00:00:00+00:00,44,222.93,34,CESC,-9808.92
2011-05-17 00:00:00+00:00,23,390.0,37,COAL,-8970.0
2011-05-17 00:00:00+00:00,31,305.5,53,GLEN,-9470.5
2011-05-17 00:00:00+00:00,91,101.93,68,HZNC,-9275.630000000001
2011-05-17 00:00:00+00:00,344,27.47,93,MOSS,-9449.68
2011-05-17 00:00:00+00:00,7,1260.0,109,PFIZ,-8820.0
2011-05-17 00:00:00+00:00,133,70.0,112,PIIL,-9310.0
2011-05-17 00:00:00+00:00,17,554.8,143,UBBW,-9431.599999999999
2011-05-24 00:00:00+00:00,-31,287.5,53,GLEN,8912.5
2011-05-24 00:00:00+00:00,58,161.8,88,MAXI,-9384.400000000001
2011-05-31 00:00:00+00:00,-34,258.52,18,BHEL,8789.68
2011-05-31 00:00:00+00:00,-44,217.67,34,CESC,9577.48
2011-05-31 00:00:00+00:00,130,67.37,94,MRCO,-8758.1
2011-05-31 00:00:00+00:00,43,217.15,136,TITN,-9337.45
2011-05-31 00:00:00+00:00,93,102.39,139,TREN,-9522.27
2011-06-07 00:00:00+00:00,58,163.7,50,FOHE,-9494.599999999999
2011-06-07 00:00:00+00:00,-91,105.32,68,HZNC,9584.119999999999
2011-06-07 00:00:00+00:00,27,355.5,74,INED,-9598.5
2011-06-07 00:00:00+00:00,23,405.65,82,JUBI,-9329.949999999999
2011-06-07 00:00:00+00:00,-17,543.0,143,UBBW,9231.0
2011-06-14 00:00:00+00:00,6,1449.95,0,ABOT,-8699.7
2011-06-14 00:00:00+00:00,130,75.06,23,BLKI,-9757.800000000001
2011-06-14 00:00:00+00:00,12,804.95,43,DIVI,-9659.400000000001
2011-06-21 00:00:00+00:00,-6,1432.0,0,ABOT,8592.0
2011-06-21 00:00:00+00:00,219,42.41,49,FED,-9287.789999999999
2011-06-21 00:00:00+00:00,600,15.56,148,VGUA,-9336.0
2011-06-28 00:00:00+00:00,-58,159.75,50,FOHE,9265.5
2011-06-28 00:00:00+00:00,5,1770.0,108,PAGE,-8850.0
2011-07-05 00:00:00+00:00,13,754.95,57,GODR,-9814.35
2011-07-05 00:00:00+00:00,-7,1481.0,109,PFIZ,10367.0
2011-07-12 00:00:00+00:00,88,120.95,4,AMAR,-10643.6
2011-07-12 00:00:00+00:00,-53,188.0,31,CADI,9964.0
2011-07-12 00:00:00+00:00,76,135.84,32,CAST,-10323.84
2011-07-12 00:00:00+00:00,-130,80.2,94,MRCO,10426.0
2011-07-19 00:00:00+00:00,32,317.7,11,ASPN,-10166.4
2011-07-19 00:00:00+00:00,59,169.0,48,EXID,-9971.0
2011-07-19 00:00:00+00:00,-13,800.0,57,GODR,10400.0
2011-07-19 00:00:00+00:00,-5,1920.05,108,PAGE,9600.25
2011-07-26 00:00:00+00:00,-23,370.55,37,COAL,8522.65
2011-07-26 00:00:00+00:00,76,135.91,78,ITC,-10329.16
2011-07-26 00:00:00+00:00,-344,30.68,93,MOSS,10553.92
2011-07-26 00:00:00+00:00,4,2355.0,108,PAGE,-9420.0
2011-07-26 00:00:00+00:00,59,179.7,111,PIDI,-10602.3
2011-08-02 00:00:00+00:00,62,166.08,46,EMAM,-10296.960000000001
2011-08-02 00:00:00+00:00,-59,153.05,48,EXID,9029.95
2011-08-02 00:00:00+00:00,-219,42.0,49,FED,9198.0
2011-08-02 00:00:00+00:00,121,82.53,70,IGAS,-9986.130000000001
2011-08-02 00:00:00+00:00,-58,181.95,88,MAXI,10553.099999999999
2011-08-09 00:00:00+00:00,47,202.2,56,GODI,-9503.4
2011-08-09 00:00:00+00:00,-27,329.15,74,INED,8887.05
2011-08-09 00:00:00+00:00,-76,126.13,78,ITC,9585.88
2011-08-09 00:00:00+00:00,151,63.81,97,NAFL,-9635.31
2011-08-09 00:00:00+00:00,115,85.5,114,PLNG,-9832.5
2011-08-09 00:00:00+00:00,104,92.0,149,VODA,-9568.0
2011-08-23 00:00:00+00:00,43,230.75,29,BRIT,-9922.25
2011-08-23 00:00:00+00:00,-47,197.0,56,GODI,9259.0
2011-08-30 00:00:00+00:00,-12,707.6,43,DIVI,8491.2
2011-08-30 00:00:00+00:00,-43,206.0,136,TITN,8858.0
2011-09-13 00:00:00+00:00,29,346.75,64,HLL,-10055.75
2011-09-13 00:00:00+00:00,4,2204.0,66,HROM,-8816.0
2011-09-13 00:00:00+00:00,-59,165.9,111,PIDI,9788.1
2011-09-20 00:00:00+00:00,-76,123.25,32,CAST,9367.0
2011-09-20 00:00:00+00:00,-600,15.48,148,VGUA,9288.0
2011-09-27 00:00:00+00:00,-62,148.52,46,EMAM,9208.24
2011-09-27 00:00:00+00:00,4,2285.44,124,SANO,-9141.76
2011-10-04 00:00:00+00:00,-93,109.25,139,TREN,10160.25
2011-10-11 00:00:00+00:00,-88,102.0,4,AMAR,8976.0
2011-10-11 00:00:00+00:00,54,178.5,88,MAXI,-9639.0
2011-10-18 00:00:00+00:00,21,457.5,86,LUPN,-9607.5
2011-10-18 00:00:00+00:00,69,139.0,122,REXP,-9591.0
2011-10-25 00:00:00+00:00,-32,304.51,11,ASPN,9744.32
2011-10-25 00:00:00+00:00,-23,428.95,82,JUBI,9865.85
2011-11-01 00:00:00+00:00,-43,235.0,29,BRIT,10105.0
2011-11-01 00:00:00+00:00,154,69.0,142,TVSM,-10626.0
2011-11-08 00:00:00+00:00,24,437.9,52,GGAS,-10509.599999999999
2011-11-08 00:00:00+00:00,-54,187.4,88,MAXI,10119.6
2011-11-15 00:00:00+00:00,8,1200.15,2,ACC,-9601.2
2011-11-15 00:00:00+00:00,-21,461.7,86,LUPN,9695.699999999999
2011-11-15 00:00:00+00:00,85,121.6,138,TRCE,-10336.0
2011-11-22 00:00:00+00:00,-24,374.95,52,GGAS,8998.8
2011-11-29 00:00:00+00:00,15,624.65,5,APLH,-9369.75
2011-11-29 00:00:00+00:00,26,359.8,87,MAHM,-9354.800000000001
2011-11-29 00:00:00+00:00,-115,81.75,114,PLNG,9401.25
2011-12-13 00:00:00+00:00,-40,271.6,15,BATA,10864.0
2011-12-13 00:00:00+00:00,-121,72.62,70,IGAS,8787.02
2011-12-13 00:00:00+00:00,4,2049.95,126,SHCM,-8199.8
2011-12-13 00:00:00+00:00,8,1130.25,144,ULTC,-9042.0
2011-12-20 00:00:00+00:00,-26,327.87,87,MAHM,8524.62
2011-12-20 00:00:00+00:00,-104,82.75,149,VODA,8606.0
2011-12-27 00:00:00+00:00,199,47.0,14,BAJE,-9353.0
2011-12-27 00:00:00+00:00,-130,80.17,23,BLKI,10422.1
2011-12-27 00:00:00+00:00,-4,1930.0,66,HROM,7720.0
2011-12-27 00:00:00+00:00,-151,58.52,97,NAFL,8836.52
2011-12-27 00:00:00+00:00,-133,100.0,112,PIIL,13300.0
2011-12-27 00:00:00+00:00,-154,54.45,142,TVSM,8385.300000000001
2012-01-03 00:00:00+00:00,89,101.0,42,DABU,-8989.0
2012-01-03 00:00:00+00:00,63,143.0,111,PIDI,-9009.0
2012-01-10 00:00:00+00:00,13,652.0,20,BJAT,-8476.0
2012-01-10 00:00:00+00:00,140,63.9,76,IOC,-8946.0
2012-01-10 00:00:00+00:00,-4,2415.0,108,PAGE,9660.0
2012-01-17 00:00:00+00:00,21,424.1,67,HVEL,-8906.1
2012-01-24 00:00:00+00:00,-89,95.95,42,DABU,8539.550000000001
2012-01-31 00:00:00+00:00,-140,70.2,76,IOC,9828.0
2012-01-31 00:00:00+00:00,21,430.0,90,MINT,-9030.0
2012-01-31 00:00:00+00:00,-63,138.0,111,PIDI,8694.0
2012-01-31 00:00:00+00:00,5,1660.25,120,REDY,-8301.25
2012-01-31 00:00:00+00:00,-4,2314.6,124,SANO,9258.4
2012-01-31 00:00:00+00:00,38,232.6,132,TAMO,-8838.8
2012-01-31 00:00:00+00:00,16,537.25,133,TCS,-8596.0
2012-02-07 00:00:00+00:00,-199,48.33,14,BAJE,9617.67
2012-02-07 00:00:00+00:00,20,461.14,58,GRAS,-9222.8
2012-02-07 00:00:00+00:00,36,271.2,85,LICH,-9763.199999999999
2012-02-07 00:00:00+00:00,22,441.15,113,PIRA,-9705.3
2012-02-07 00:00:00+00:00,35,277.85,129,SUN,-9724.75
2012-02-14 00:00:00+00:00,57,169.5,1,ABUJ,-9661.5
2012-02-14 00:00:00+00:00,125,78.4,6,APLO,-9800.0
2012-02-14 00:00:00+00:00,-13,790.0,20,BJAT,10270.0
2012-02-14 00:00:00+00:00,51,191.09,152,WIPR,-9745.59
2012-02-21 00:00:00+00:00,-69,139.1,122,REXP,9597.9
2012-02-28 00:00:00+00:00,27,357.92,75,INFY,-9663.84
2012-03-06 00:00:00+00:00,-27,347.89,75,INFY,9393.029999999999
2012-03-06 00:00:00+00:00,1,9635.0,95,MRF,-9635.0
2012-03-06 00:00:00+00:00,85,115.15,131,TAGL,-9787.75
2012-03-13 00:00:00+00:00,-57,162.8,1,ABUJ,9279.6
2012-03-13 00:00:00+00:00,-15,608.05,5,APLH,9120.75
2012-03-13 00:00:00+00:00,359,27.9,9,ARTI,-10016.1
2012-03-13 00:00:00+00:00,-29,381.0,64,HLL,11049.0
2012-03-13 00:00:00+00:00,158,64.66,99,NATP,-10216.279999999999
2012-03-13 00:00:00+00:00,73,134.75,153,ZEE,-9836.75
2012-03-27 00:00:00+00:00,-8,1335.0,2,ACC,10680.0
2012-03-27 00:00:00+00:00,82,119.5,23,BLKI,-9799.0
2012-03-27 00:00:00+00:00,30,339.8,77,IPCA,-10194.0
2012-03-27 00:00:00+00:00,-5,1675.25,120,REDY,8376.25
2012-03-27 00:00:00+00:00,-16,566.21,133,TCS,9059.36
2012-03-27 00:00:00+00:00,18,540.95,143,UBBW,-9737.1
2012-03-27 00:00:00+00:00,-73,127.0,153,ZEE,9271.0
2012-04-03 00:00:00+00:00,-20,433.16,58,GRAS,8663.2
2012-04-03 00:00:00+00:00,17,604.6,82,JUBI,-10278.2
2012-04-03 00:00:00+00:00,-36,267.0,85,LICH,9612.0
2012-04-10 00:00:00+00:00,68,151.82,4,AMAR,-10323.76
2012-04-24 00:00:00+00:00,39,264.4,56,GODI,-10311.599999999999
2012-04-24 00:00:00+00:00,-35,297.5,129,SUN,10412.5
2012-04-24 00:00:00+00:00,-51,187.58,152,WIPR,9566.58
2012-05-08 00:00:00+00:00,14,712.29,22,BJFS,-9972.06
2012-05-08 00:00:00+00:00,-22,447.4,113,PIRA,9842.8
2012-05-08 00:00:00+00:00,-8,1410.0,144,ULTC,11280.0
2012-05-15 00:00:00+00:00,285,34.13,35,CHLA,-9727.050000000001
2012-05-15 00:00:00+00:00,-85,103.0,131,TAGL,8755.0
2012-05-15 00:00:00+00:00,-18,499.0,143,UBBW,8982.0
2012-05-29 00:00:00+00:00,26,383.0,11,ASPN,-9958.0
2012-05-29 00:00:00+00:00,90,116.65,27,BPCL,-10498.5
2012-05-29 00:00:00+00:00,35,291.0,101,NITT,-10185.0
2012-05-29 00:00:00+00:00,-4,2565.55,126,SHCM,10262.2
2012-05-29 00:00:00+00:00,-85,139.1,138,TRCE,11823.5
2012-06-05 00:00:00+00:00,1,8846.0,26,BOSH,-8846.0
2012-06-05 00:00:00+00:00,202,47.84,28,BRGR,-9663.68
2012-06-05 00:00:00+00:00,59,165.08,46,EMAM,-9739.720000000001
2012-06-05 00:00:00+00:00,-21,540.5,67,HVEL,11350.5
2012-06-05 00:00:00+00:00,-30,343.9,77,IPCA,10317.0
2012-06-12 00:00:00+00:00,-285,32.1,35,CHLA,9148.5
2012-06-12 00:00:00+00:00,83,116.0,116,PREG,-9628.0
2012-06-12 00:00:00+00:00,-38,230.23,132,TAMO,8748.74
2012-06-19 00:00:00+00:00,-125,77.8,6,APLO,9725.0
2012-06-19 00:00:00+00:00,-39,228.0,56,GODI,8892.0
2012-06-19 00:00:00+00:00,27,367.5,74,INED,-9922.5
2012-07-10 00:00:00+00:00,9,1012.0,43,DIVI,-9108.0
2012-07-10 00:00:00+00:00,34,286.0,55,GOCP,-9724.0
2012-07-10 00:00:00+00:00,-27,328.9,74,INED,8880.3
2012-07-10 00:00:00+00:00,-1,10498.95,95,MRF,10498.95
2012-07-17 00:00:00+00:00,-68,152.97,4,AMAR,10401.96
2012-07-17 00:00:00+00:00,105,94.05,21,BJFN,-9875.25
2012-07-17 00:00:00+00:00,25,381.0,53,GLEN,-9525.0
2012-07-17 00:00:00+00:00,58,168.03,78,ITC,-9745.74
2012-07-17 00:00:00+00:00,-83,112.7,116,PREG,9354.1
2012-07-17 00:00:00+00:00,4,2300.5,117,PROC,-9202.0
2012-07-24 00:00:00+00:00,-82,147.41,23,BLKI,12087.619999999999
2012-07-24 00:00:00+00:00,-158,71.78,99,NATP,11341.24
2012-07-24 00:00:00+00:00,32,309.2,129,SUN,-9894.4
2012-07-24 00:00:00+00:00,458,21.32,148,VGUA,-9764.56
2012-07-31 00:00:00+00:00,-14,718.97,22,BJFS,10065.58
2012-08-07 00:00:00+00:00,57,180.38,31,CADI,-10281.66
2012-08-07 00:00:00+00:00,21,468.1,64,HLL,-9830.1
2012-08-07 00:00:00+00:00,-17,573.42,82,JUBI,9748.14
2012-08-14 00:00:00+00:00,-90,114.93,27,BPCL,10343.7
2012-08-14 00:00:00+00:00,25,412.0,77,IPCA,-10300.0
2012-08-21 00:00:00+00:00,-1,8725.0,26,BOSH,8725.0
2012-08-21 00:00:00+00:00,-35,265.3,101,NITT,9285.5
2012-08-21 00:00:00+00:00,60,170.3,153,ZEE,-10218.0
2012-08-28 00:00:00+00:00,85,122.85,42,DABU,-10442.25
2012-08-28 00:00:00+00:00,56,186.0,146,UNSP,-10416.0
2012-09-04 00:00:00+00:00,-26,364.9,11,ASPN,9487.4
2012-09-11 00:00:00+00:00,105,101.95,94,MRCO,-10704.75
2012-09-18 00:00:00+00:00,-202,51.02,28,BRGR,10306.04
2012-09-18 00:00:00+00:00,-4,2390.0,117,PROC,9560.0
2012-09-18 00:00:00+00:00,92,113.77,139,TREN,-10466.84
2012-09-25 00:00:00+00:00,-359,37.66,9,ARTI,13519.939999999999
2012-09-25 00:00:00+00:00,-59,163.3,46,EMAM,9634.7
2012-09-25 00:00:00+00:00,-105,93.86,94,MRCO,9855.3
2012-09-25 00:00:00+00:00,57,183.65,138,TRCE,-10468.050000000001
2012-09-25 00:00:00+00:00,5,1832.0,144,ULTC,-9160.0
2012-10-09 00:00:00+00:00,51,210.45,1,ABUJ,-10732.949999999999
2012-10-09 00:00:00+00:00,48,221.0,4,AMAR,-10608.0
2012-10-09 00:00:00+00:00,-57,169.6,31,CADI,9667.199999999999
2012-10-09 00:00:00+00:00,41,258.65,34,CESC,-10604.65
2012-10-09 00:00:00+00:00,19,540.85,58,GRAS,-10276.15
2012-10-09 00:00:00+00:00,-58,184.63,78,ITC,10708.539999999999
2012-10-09 00:00:00+00:00,-21,659.2,90,MINT,13843.2
2012-10-09 00:00:00+00:00,257,40.8,92,MNFL,-10485.599999999999
2012-10-09 00:00:00+00:00,-32,355.05,129,SUN,11361.6
2012-10-09 00:00:00+00:00,22,467.22,134,TEML,-10278.84
2012-10-16 00:00:00+00:00,-85,135.0,42,DABU,11475.0
2012-10-23 00:00:00+00:00,-41,264.06,34,CESC,10826.460000000001
2012-10-23 00:00:00+00:00,-25,405.35,53,GLEN,10133.75
2012-10-23 00:00:00+00:00,61,179.58,91,MMFS,-10954.380000000001
2012-10-23 00:00:00+00:00,70,160.1,131,TAGL,-11207.0
2012-10-30 00:00:00+00:00,-9,1163.65,43,DIVI,10472.85
2012-10-30 00:00:00+00:00,14,760.0,143,UBBW,-10640.0
2012-11-06 00:00:00+00:00,23,452.81,87,MAHM,-10414.63
2012-11-06 00:00:00+00:00,355,30.37,93,MOSS,-10781.35
2012-11-06 00:00:00+00:00,-92,115.17,139,TREN,10595.64
2012-11-13 00:00:00+00:00,128,89.5,8,ARBN,-11456.0
2012-11-13 00:00:00+00:00,-34,345.5,55,GOCP,11747.0
2012-11-27 00:00:00+00:00,72,159.06,61,HCLT,-11452.32
2012-11-27 00:00:00+00:00,-21,537.5,64,HLL,11287.5
2012-12-04 00:00:00+00:00,-51,211.8,1,ABUJ,10801.800000000001
2012-12-04 00:00:00+00:00,-25,456.7,77,IPCA,11417.5
2012-12-04 00:00:00+00:00,-257,36.35,92,MNFL,9341.95
2012-12-04 00:00:00+00:00,2,4316.15,126,SHCM,-8632.3
2012-12-04 00:00:00+00:00,38,306.0,136,TITN,-11628.0
2012-12-11 00:00:00+00:00,237,50.68,35,CHLA,-12011.16
2012-12-11 00:00:00+00:00,72,166.85,116,PREG,-12013.199999999999
2012-12-18 00:00:00+00:00,-19,521.24,58,GRAS,9903.56
2012-12-18 00:00:00+00:00,-22,470.71,134,TEML,10355.619999999999
2013-01-01 00:00:00+00:00,253,48.37,9,ARTI,-12237.609999999999
2013-01-01 00:00:00+00:00,-237,52.6,35,CHLA,12466.2
2013-01-01 00:00:00+00:00,28,429.05,130,SUTV,-12013.4
2013-01-01 00:00:00+00:00,-5,1995.0,144,ULTC,9975.0
2013-01-08 00:00:00+00:00,5,2204.0,13,BAJA,-11020.0
2013-01-08 00:00:00+00:00,-72,155.53,61,HCLT,11198.16
2013-01-08 00:00:00+00:00,-38,282.0,136,TITN,10716.0
2013-01-15 00:00:00+00:00,414,29.42,3,ADEL,-12179.880000000001
2013-01-15 00:00:00+00:00,-5,2088.0,13,BAJA,10440.0
2013-01-15 00:00:00+00:00,44,272.9,145,UNBK,-12007.599999999999
2013-01-22 00:00:00+00:00,-105,136.01,21,BJFN,14281.05
2013-01-22 00:00:00+00:00,23,522.1,36,CNBK,-12008.300000000001
2013-01-22 00:00:00+00:00,-23,439.82,87,MAHM,10115.86
2013-01-22 00:00:00+00:00,-70,154.4,131,TAGL,10808.0
2013-01-22 00:00:00+00:00,101,120.1,149,VODA,-12130.099999999999
2013-01-29 00:00:00+00:00,-458,35.86,148,VGUA,16423.88
2013-02-05 00:00:00+00:00,40,294.06,12,AXBK,-11762.4
2013-02-05 00:00:00+00:00,-14,768.25,143,UBBW,10755.5
2013-02-12 00:00:00+00:00,39,288.35,30,BRTI,-11245.650000000001
2013-02-12 00:00:00+00:00,-2,4415.0,126,SHCM,8830.0
2013-02-19 00:00:00+00:00,-253,41.95,9,ARTI,10613.35
2013-02-19 00:00:00+00:00,-23,457.1,36,CNBK,10513.300000000001
2013-02-26 00:00:00+00:00,-414,24.42,3,ADEL,10109.880000000001
2013-03-05 00:00:00+00:00,166,67.91,28,BRGR,-11273.06
2013-03-05 00:00:00+00:00,-39,290.14,30,BRTI,11315.46
2013-03-05 00:00:00+00:00,-61,181.05,91,MMFS,11044.050000000001
2013-03-05 00:00:00+00:00,-44,216.5,145,UNBK,9526.0
2013-03-12 00:00:00+00:00,-128,83.58,8,ARBN,10698.24
2013-03-12 00:00:00+00:00,59,193.59,61,HCLT,-11421.81
2013-03-19 00:00:00+00:00,23,500.5,11,ASPN,-11511.5
2013-03-26 00:00:00+00:00,27,409.0,129,SUN,-11043.0
2013-03-26 00:00:00+00:00,-60,209.4,153,ZEE,12564.0
2013-04-02 00:00:00+00:00,22,468.9,53,GLEN,-10315.8
2013-04-02 00:00:00+00:00,-72,163.15,116,PREG,11746.800000000001
2013-04-09 00:00:00+00:00,-40,242.07,12,AXBK,9682.8
2013-04-09 00:00:00+00:00,210,52.0,35,CHLA,-10920.0
2013-04-09 00:00:00+00:00,-28,364.0,130,SUTV,10192.0
2013-04-09 00:00:00+00:00,15,714.4,133,TCS,-10716.0
2013-04-16 00:00:00+00:00,-48,241.0,4,AMAR,11568.0
2013-04-16 00:00:00+00:00,-22,489.0,53,GLEN,10758.0
2013-04-16 00:00:00+00:00,28,390.0,55,GOCP,-10920.0
2013-04-16 00:00:00+00:00,4,2576.76,124,SANO,-10307.04
2013-04-16 00:00:00+00:00,22,478.73,134,TEML,-10532.060000000001
2013-04-16 00:00:00+00:00,-56,400.0,146,UNSP,22400.0
2013-04-23 00:00:00+00:00,-210,52.2,35,CHLA,10962.0
2013-04-23 00:00:00+00:00,39,279.04,75,INFY,-10882.560000000001
2013-04-23 00:00:00+00:00,16,685.0,86,LUPN,-10960.0
2013-04-23 00:00:00+00:00,-355,37.53,93,MOSS,13323.15
2013-04-23 00:00:00+00:00,-22,458.82,134,TEML,10094.039999999999
2013-04-30 00:00:00+00:00,82,134.87,27,BPCL,-11059.34
2013-04-30 00:00:00+00:00,38,282.5,29,BRIT,-10735.0
2013-04-30 00:00:00+00:00,-39,277.06,75,INFY,10805.34
2013-04-30 00:00:00+00:00,63,172.07,152,WIPR,-10840.41
2013-05-07 00:00:00+00:00,47,236.17,33,CCRI,-11099.99
2013-05-07 00:00:00+00:00,69,158.0,42,DABU,-10902.0
2013-05-07 00:00:00+00:00,20,553.45,113,PIRA,-11069.0
2013-05-14 00:00:00+00:00,196,58.5,70,IGAS,-11466.0
2013-05-14 00:00:00+00:00,-63,174.0,152,WIPR,10962.0
2013-05-21 00:00:00+00:00,-82,133.7,27,BPCL,10963.4
2013-05-21 00:00:00+00:00,70,161.84,32,CAST,-11328.800000000001
2013-05-21 00:00:00+00:00,19,606.6,77,IPCA,-11525.4
2013-05-21 00:00:00+00:00,40,286.05,111,PIDI,-11442.0
2013-05-21 00:00:00+00:00,-20,577.75,113,PIRA,11555.0
2013-06-04 00:00:00+00:00,11,985.0,5,APLH,-10835.0
2013-06-04 00:00:00+00:00,51,222.65,78,ITC,-11355.15
2013-06-04 00:00:00+00:00,39,285.0,105,OILI,-11115.0
2013-06-04 00:00:00+00:00,-57,221.9,138,TRCE,12648.300000000001
2013-06-11 00:00:00+00:00,-23,453.0,11,ASPN,10419.0
2013-06-11 00:00:00+00:00,47,242.63,46,EMAM,-11403.61
2013-06-11 00:00:00+00:00,22,499.0,146,UNSP,-10978.0
2013-06-18 00:00:00+00:00,2,4127.75,108,PAGE,-8255.5
2013-06-18 00:00:00+00:00,-15,702.33,133,TCS,10534.95
2013-07-02 00:00:00+00:00,19,586.5,64,HLL,-11143.5
2013-07-02 00:00:00+00:00,-196,56.0,70,IGAS,10976.0
2013-07-02 00:00:00+00:00,31,360.05,83,KTKM,-11161.550000000001
2013-07-02 00:00:00+00:00,-4,2432.22,124,SANO,9728.88
2013-07-09 00:00:00+00:00,-59,202.55,61,HCLT,11950.45
2013-07-09 00:00:00+00:00,-39,282.38,105,OILI,11012.82
2013-07-09 00:00:00+00:00,3,2962.05,117,PROC,-8886.150000000001
2013-07-16 00:00:00+00:00,-70,163.3,32,CAST,11431.0
2013-07-16 00:00:00+00:00,5,2312.0,120,REDY,-11560.0
2013-07-23 00:00:00+00:00,-31,352.5,83,KTKM,10927.5
2013-07-30 00:00:00+00:00,-47,217.19,33,CCRI,10207.93
2013-08-06 00:00:00+00:00,172,68.2,47,ESCO,-11730.4
2013-08-06 00:00:00+00:00,-28,426.0,55,GOCP,11928.0
2013-08-06 00:00:00+00:00,-40,268.0,111,PIDI,10720.0
2013-08-13 00:00:00+00:00,2,5111.9,100,NEST,-10223.8
2013-08-20 00:00:00+00:00,-166,76.43,28,BRGR,12687.380000000001
2013-08-20 00:00:00+00:00,22,533.25,53,GLEN,-11731.5
2013-08-20 00:00:00+00:00,93,124.8,99,NATP,-11606.4
2013-08-27 00:00:00+00:00,48,233.19,61,HCLT,-11193.119999999999
2013-08-27 00:00:00+00:00,-51,203.03,78,ITC,10354.53
2013-08-27 00:00:00+00:00,-2,4860.0,100,NEST,9720.0
2013-09-03 00:00:00+00:00,-11,857.05,5,APLH,9427.55
2013-09-03 00:00:00+00:00,201,58.21,19,BION,-11700.210000000001
2013-09-03 00:00:00+00:00,-47,213.75,46,EMAM,10046.25
2013-09-03 00:00:00+00:00,6,1980.0,66,HROM,-11880.0
2013-09-03 00:00:00+00:00,-3,2601.0,117,PROC,7803.0
2013-09-03 00:00:00+00:00,11,989.59,133,TCS,-10885.49
2013-09-03 00:00:00+00:00,16,688.31,134,TEML,-11012.96
2013-09-10 00:00:00+00:00,-22,531.0,53,GLEN,11682.0
2013-09-17 00:00:00+00:00,21,527.79,90,MINT,-11083.59
2013-09-17 00:00:00+00:00,-22,507.6,146,UNSP,11167.2
2013-09-17 00:00:00+00:00,48,226.93,152,WIPR,-10892.64
2013-09-24 00:00:00+00:00,4,2649.4,107,ORCL,-10597.6
2013-10-01 00:00:00+00:00,35,329.37,132,TAMO,-11527.95
2013-10-08 00:00:00+00:00,-4,2815.26,107,ORCL,11261.04
2013-10-22 00:00:00+00:00,-19,605.0,64,HLL,11495.0
2013-10-22 00:00:00+00:00,30,413.98,75,INFY,-12419.400000000001
2013-10-29 00:00:00+00:00,5,2073.0,13,BAJA,-10365.0
2013-10-29 00:00:00+00:00,-2,4442.0,108,PAGE,8884.0
2013-11-05 00:00:00+00:00,-69,177.45,42,DABU,12244.05
2013-11-05 00:00:00+00:00,62,213.0,112,PIIL,-13206.0
2013-11-12 00:00:00+00:00,88,143.95,17,BFRG,-12667.599999999999
2013-11-12 00:00:00+00:00,-19,701.0,77,IPCA,13319.0
2013-11-19 00:00:00+00:00,-16,858.0,86,LUPN,13728.0
2013-11-19 00:00:00+00:00,250,52.33,93,MOSS,-13082.5
2013-11-26 00:00:00+00:00,87,142.43,8,ARBN,-12391.41
2013-11-26 00:00:00+00:00,-5,1930.3,13,BAJA,9651.5
2013-11-26 00:00:00+00:00,-5,2440.0,120,REDY,12200.0
2013-11-26 00:00:00+00:00,238,53.65,142,TVSM,-12768.699999999999
2013-12-03 00:00:00+00:00,259,52.04,97,NAFL,-13478.36
2013-12-03 00:00:00+00:00,-27,598.0,129,SUN,16146.0
2013-12-10 00:00:00+00:00,49,275.1,52,GGAS,-13479.900000000001
2013-12-10 00:00:00+00:00,-6,2125.0,66,HROM,12750.0
2013-12-10 00:00:00+00:00,586,22.0,73,INDB,-12892.0
2013-12-10 00:00:00+00:00,34,379.34,135,TISC,-12897.56
2013-12-10 00:00:00+00:00,-101,176.0,149,VODA,17776.0
2013-12-17 00:00:00+00:00,-201,65.41,19,BION,13147.41
2013-12-17 00:00:00+00:00,30,439.95,74,INED,-13198.5
2013-12-17 00:00:00+00:00,-30,427.26,75,INFY,12817.8
2013-12-17 00:00:00+00:00,143,92.17,80,JSTL,-13180.31
2013-12-17 00:00:00+00:00,-11,980.66,133,TCS,10787.26
2013-12-24 00:00:00+00:00,197,71.85,123,SAIL,-14154.449999999999
2013-12-24 00:00:00+00:00,-48,275.32,152,WIPR,13215.36
2013-12-31 00:00:00+00:00,83,166.66,23,BLKI,-13832.779999999999
2013-12-31 00:00:00+00:00,-38,462.0,29,BRIT,17556.0
2014-01-07 00:00:00+00:00,43,328.05,4,AMAR,-14106.15
2014-01-07 00:00:00+00:00,-35,363.11,132,TAMO,12708.85
2014-01-14 00:00:00+00:00,-49,264.5,52,GGAS,12960.5
2014-01-14 00:00:00+00:00,-48,333.03,61,HCLT,15985.439999999999
2014-01-14 00:00:00+00:00,36,374.5,101,NITT,-13482.0
2014-01-14 00:00:00+00:00,134,105.47,150,VOLT,-14132.98
2014-01-21 00:00:00+00:00,-43,318.85,4,AMAR,13710.550000000001
2014-01-21 00:00:00+00:00,121,116.45,6,APLO,-14090.45
2014-01-21 00:00:00+00:00,-250,59.56,93,MOSS,14890.0
2014-01-28 00:00:00+00:00,-93,155.84,99,NATP,14493.12
2014-01-28 00:00:00+00:00,109,129.4,147,UPLL,-14104.6
2014-02-11 00:00:00+00:00,333,43.1,9,ARTI,-14352.300000000001
2014-02-11 00:00:00+00:00,-34,349.53,135,TISC,11884.019999999999
2014-02-18 00:00:00+00:00,-21,416.06,90,MINT,8737.26
2014-02-18 00:00:00+00:00,217,66.47,93,MOSS,-14423.99
2014-02-18 00:00:00+00:00,2,5650.0,108,PAGE,-11300.0
2014-02-18 00:00:00+00:00,-197,58.7,123,SAIL,11563.900000000001
2014-02-25 00:00:00+00:00,72,201.0,31,CADI,-14472.0
2014-02-25 00:00:00+00:00,-172,115.6,47,ESCO,19883.2
2014-02-25 00:00:00+00:00,37,381.77,61,HCLT,-14125.49
2014-02-25 00:00:00+00:00,-143,88.28,80,JSTL,12624.04
2014-03-04 00:00:00+00:00,20,720.05,43,DIVI,-14401.0
2014-03-04 00:00:00+00:00,-16,940.43,134,TEML,15046.88
2014-03-11 00:00:00+00:00,423,34.69,3,ADEL,-14673.869999999999
2014-03-11 00:00:00+00:00,-109,126.53,147,UPLL,13791.77
2014-03-18 00:00:00+00:00,232,62.87,71,IHTL,-14585.84
2014-03-18 00:00:00+00:00,-586,18.2,73,INDB,10665.199999999999
2014-03-18 00:00:00+00:00,685,21.95,92,MNFL,-15035.75
2014-03-18 00:00:00+00:00,-259,55.83,97,NAFL,14459.97
2014-03-25 00:00:00+00:00,236,63.11,65,HPCL,-14893.96
2014-04-15 00:00:00+00:00,238,68.04,76,IOC,-16193.520000000002
2014-04-15 00:00:00+00:00,-62,256.6,112,PIIL,15909.2
2014-04-22 00:00:00+00:00,40,400.29,34,CESC,-16011.6
2014-04-22 00:00:00+00:00,-20,674.33,43,DIVI,13486.6
2014-04-29 00:00:00+00:00,-2,5854.8,108,PAGE,11709.6
2014-05-06 00:00:00+00:00,-40,351.34,34,CESC,14053.599999999999
2014-05-06 00:00:00+00:00,30,536.5,41,CUMM,-16095.0
2014-05-13 00:00:00+00:00,102,166.09,27,BPCL,-16941.18
2014-05-13 00:00:00+00:00,-37,346.47,61,HCLT,12819.390000000001
2014-05-13 00:00:00+00:00,225,76.17,97,NAFL,-17138.25
2014-05-13 00:00:00+00:00,-36,404.0,101,NITT,14544.0
2014-05-20 00:00:00+00:00,48,382.24,33,CCRI,-18347.52
2014-05-20 00:00:00+00:00,-30,598.9,41,CUMM,17967.0
2014-05-27 00:00:00+00:00,572,32.3,10,ASOK,-18475.6
2014-05-27 00:00:00+00:00,-72,182.4,31,CADI,13132.800000000001
2014-05-27 00:00:00+00:00,-30,684.9,74,INED,20547.0
2014-05-27 00:00:00+00:00,2,6848.45,126,SHCM,-13696.9
2014-06-03 00:00:00+00:00,-685,21.0,92,MNFL,14385.0
2014-06-03 00:00:00+00:00,95,197.0,115,PNBK,-18715.0
2014-06-17 00:00:00+00:00,-232,92.64,71,IHTL,21492.48
2014-06-17 00:00:00+00:00,132,149.2,118,PWFC,-19694.399999999998
2014-06-24 00:00:00+00:00,328,59.7,45,EDEL,-19581.600000000002
2014-06-24 00:00:00+00:00,-238,82.5,76,IOC,19635.0
2014-06-24 00:00:00+00:00,-217,94.12,93,MOSS,20424.04
2014-06-24 00:00:00+00:00,105,187.0,122,REXP,-19635.0
2014-07-01 00:00:00+00:00,286,71.63,14,BAJE,-20486.18
2014-07-01 00:00:00+00:00,-88,314.88,17,BFRG,27709.44
2014-07-08 00:00:00+00:00,-87,389.12,8,ARBN,33853.44
2014-07-08 00:00:00+00:00,-48,440.0,33,CCRI,21120.0
2014-07-08 00:00:00+00:00,50,443.25,36,CNBK,-22162.5
2014-07-08 00:00:00+00:00,45,523.0,52,GGAS,-23535.0
2014-07-08 00:00:00+00:00,121,191.0,119,RECM,-23111.0
2014-07-08 00:00:00+00:00,-2,7308.15,126,SHCM,14616.3
2014-07-15 00:00:00+00:00,-121,173.5,6,APLO,20993.5
2014-07-15 00:00:00+00:00,75,242.72,125,SBI,-18204.0
2014-07-22 00:00:00+00:00,56,360.85,17,BFRG,-20207.600000000002
2014-07-22 00:00:00+00:00,-102,189.96,27,BPCL,19375.920000000002
2014-07-22 00:00:00+00:00,47,417.97,33,CCRI,-19644.59
2014-07-22 00:00:00+00:00,-236,87.53,65,HPCL,20657.08
2014-08-05 00:00:00+00:00,-423,47.06,3,ADEL,19906.38
2014-08-05 00:00:00+00:00,-95,193.34,115,PNBK,18367.3
2014-08-05 00:00:00+00:00,80,252.2,116,PREG,-20176.0
2014-08-05 00:00:00+00:00,-75,247.66,125,SBI,18574.5
2014-08-05 00:00:00+00:00,-134,202.56,150,VOLT,27143.04
2014-08-12 00:00:00+00:00,107,187.8,60,HALC,-20094.600000000002
2014-08-12 00:00:00+00:00,-121,146.82,119,RECM,17765.219999999998
2014-08-12 00:00:00+00:00,52,382.65,151,WHIR,-19897.8
2014-08-19 00:00:00+00:00,102,199.5,16,BBRM,-20349.0
2014-08-19 00:00:00+00:00,-132,135.55,118,PWFC,17892.600000000002
2014-08-19 00:00:00+00:00,374,54.32,148,VGUA,-20315.68
2014-08-26 00:00:00+00:00,-47,426.42,33,CCRI,20041.74
2014-08-26 00:00:00+00:00,-107,159.0,60,HALC,17013.0
2014-08-26 00:00:00+00:00,83,242.42,88,MAXI,-20120.86
2014-09-02 00:00:00+00:00,-50,393.4,36,CNBK,19670.0
2014-09-02 00:00:00+00:00,-80,235.0,116,PREG,18800.0
2014-09-02 00:00:00+00:00,3,5307.05,117,PROC,-15921.150000000001
2014-09-09 00:00:00+00:00,46,462.0,112,PIIL,-21252.0
2014-09-16 00:00:00+00:00,232,99.6,35,CHLA,-23107.199999999997
2014-09-16 00:00:00+00:00,-45,520.9,52,GGAS,23440.5
2014-09-16 00:00:00+00:00,181,130.07,93,MOSS,-23542.67
2014-09-16 00:00:00+00:00,72,312.81,99,NATP,-22522.32
2014-09-16 00:00:00+00:00,-105,154.3,122,REXP,16201.500000000002
2014-09-23 00:00:00+00:00,175,126.96,28,BRGR,-22218.0
2014-09-23 00:00:00+00:00,-328,51.1,45,EDEL,16760.8
2014-09-30 00:00:00+00:00,-83,378.42,23,BLKI,31408.86
2014-09-30 00:00:00+00:00,31,697.5,29,BRIT,-21622.5
2014-09-30 00:00:00+00:00,36,588.05,90,MINT,-21169.8
2014-10-07 00:00:00+00:00,6,3250.0,0,ABOT,-19500.0
2014-10-07 00:00:00+00:00,-286,68.37,14,BAJE,19553.82
2014-10-14 00:00:00+00:00,-83,230.7,88,MAXI,19148.1
2014-10-21 00:00:00+00:00,34,594.5,4,AMAR,-20213.0
2014-10-28 00:00:00+00:00,15,1400.0,86,LUPN,-21000.0
2014-10-28 00:00:00+00:00,-225,119.58,97,NAFL,26905.5
2014-11-11 00:00:00+00:00,-232,97.0,35,CHLA,22504.0
2014-11-11 00:00:00+00:00,-181,121.75,93,MOSS,22036.75
2014-11-11 00:00:00+00:00,6,3298.0,96,MRTI,-19788.0
2014-11-11 00:00:00+00:00,-3,5783.0,117,PROC,17349.0
2014-11-18 00:00:00+00:00,74,325.1,21,BJFN,-24057.4
2014-11-18 00:00:00+00:00,76,308.0,31,CADI,-23408.0
2014-11-25 00:00:00+00:00,43,561.5,8,ARBN,-24144.5
2014-11-25 00:00:00+00:00,-36,605.4,90,MINT,21794.399999999998
2014-11-25 00:00:00+00:00,-46,470.0,112,PIIL,21620.0
2014-12-16 00:00:00+00:00,-333,135.09,9,ARTI,44984.97
2014-12-16 00:00:00+00:00,101,243.81,32,CAST,-24624.81
2014-12-16 00:00:00+00:00,-72,288.32,99,NATP,20759.04
2014-12-16 00:00:00+00:00,52,466.7,111,PIDI,-24268.399999999998
2014-12-23 00:00:00+00:00,-56,459.0,17,BFRG,25704.0
2014-12-23 00:00:00+00:00,1,18590.05,26,BOSH,-18590.05
2014-12-23 00:00:00+00:00,-175,145.79,28,BRGR,25513.25
2014-12-23 00:00:00+00:00,759,32.8,92,MNFL,-24895.199999999997
2014-12-30 00:00:00+00:00,31,784.1,72,INBK,-24307.100000000002
2014-12-30 00:00:00+00:00,-15,1434.05,86,LUPN,21510.75
2014-12-30 00:00:00+00:00,2,11600.0,108,PAGE,-23200.0
2015-01-06 00:00:00+00:00,-6,3439.0,96,MRTI,20634.0
2015-01-06 00:00:00+00:00,11,2235.0,109,PFIZ,-24585.0
2015-01-13 00:00:00+00:00,239,107.73,14,BAJE,-25747.47
2015-01-13 00:00:00+00:00,-52,525.15,111,PIDI,27307.8
2015-01-27 00:00:00+00:00,39,717.9,52,GGAS,-27998.1
2015-01-27 00:00:00+00:00,-759,34.0,92,MNFL,25806.0
2015-02-10 00:00:00+00:00,46,546.9,12,AXBK,-25157.399999999998
2015-02-10 00:00:00+00:00,-101,237.34,32,CAST,23971.34
2015-02-10 00:00:00+00:00,221,116.0,59,GSPT,-25636.0
2015-02-10 00:00:00+00:00,-374,65.36,148,VGUA,24444.64
2015-02-24 00:00:00+00:00,-43,520.0,8,ARBN,22360.0
2015-02-24 00:00:00+00:00,-76,308.0,31,CADI,23408.0
2015-02-24 00:00:00+00:00,41,655.4,146,UNSP,-26871.399999999998
2015-03-03 00:00:00+00:00,-39,603.0,52,GGAS,23517.0
2015-03-10 00:00:00+00:00,-6,3830.05,0,ABOT,22980.300000000003
2015-03-10 00:00:00+00:00,42,636.5,17,BFRG,-26733.0
2015-03-10 00:00:00+00:00,-221,108.05,59,GSPT,23879.05
2015-03-10 00:00:00+00:00,-11,2150.0,109,PFIZ,23650.0
2015-03-10 00:00:00+00:00,3,6999.95,117,PROC,-20999.85
2015-03-10 00:00:00+00:00,-238,288.95,142,TVSM,68770.09999999999
2015-03-17 00:00:00+00:00,50,535.15,46,EMAM,-26757.5
2015-03-24 00:00:00+00:00,20,1337.0,127,SIEM,-26740.0
2015-03-31 00:00:00+00:00,44,629.85,112,PIIL,-27713.4
2015-04-07 00:00:00+00:00,-34,859.9,4,AMAR,29236.6
2015-04-21 00:00:00+00:00,-46,518.25,12,AXBK,23839.5
2015-04-21 00:00:00+00:00,-102,447.5,16,BBRM,45645.0
2015-04-21 00:00:00+00:00,697,38.55,73,INDB,-26869.35
2015-04-21 00:00:00+00:00,15,1774.0,86,LUPN,-26610.0
2015-04-21 00:00:00+00:00,150,179.07,97,NAFL,-26860.5
2015-04-21 00:00:00+00:00,25,1104.0,143,UBBW,-27600.0
2015-04-28 00:00:00+00:00,168,143.65,50,FOHE,-24133.2
2015-04-28 00:00:00+00:00,-31,818.15,72,INBK,25362.649999999998
2015-04-28 00:00:00+00:00,-52,698.05,151,WHIR,36298.6
2015-05-05 00:00:00+00:00,-239,104.76,14,BAJE,25037.64
2015-05-05 00:00:00+00:00,-3,6803.35,117,PROC,20410.050000000003
2015-05-12 00:00:00+00:00,225,118.58,35,CHLA,-26680.5
2015-05-12 00:00:00+00:00,-50,474.4,46,EMAM,23720.0
2015-05-19 00:00:00+00:00,-1,22990.0,26,BOSH,22990.0
2015-05-19 00:00:00+00:00,47,559.65,33,CCRI,-26303.55
2015-05-19 00:00:00+00:00,130,204.7,94,MRCO,-26611.0
2015-05-19 00:00:00+00:00,114,232.4,122,REXP,-26493.600000000002
2015-05-19 00:00:00+00:00,-25,966.0,143,UBBW,24150.0
2015-05-26 00:00:00+00:00,71,367.73,147,UPLL,-26108.83
2015-06-02 00:00:00+00:00,392,69.51,3,ADEL,-27247.920000000002
2015-06-02 00:00:00+00:00,-15,1799.95,86,LUPN,26999.25
2015-06-02 00:00:00+00:00,28,947.0,113,PIRA,-26516.0
2015-06-09 00:00:00+00:00,-41,707.99,146,UNSP,29027.59
2015-06-16 00:00:00+00:00,-572,65.3,10,ASOK,37351.6
2015-06-16 00:00:00+00:00,-42,546.5,17,BFRG,22953.0
2015-06-23 00:00:00+00:00,-392,61.97,3,ADEL,24292.239999999998
2015-06-23 00:00:00+00:00,69,393.85,30,BRTI,-27175.65
2015-06-23 00:00:00+00:00,76,354.0,150,VOLT,-26904.0
2015-06-30 00:00:00+00:00,27,991.0,53,GLEN,-26757.0
2015-06-30 00:00:00+00:00,168,162.22,65,HPCL,-27252.96
2015-06-30 00:00:00+00:00,-697,35.4,73,INDB,24673.8
2015-07-07 00:00:00+00:00,94,305.21,27,BPCL,-28689.739999999998
2015-07-14 00:00:00+00:00,30,937.5,82,JUBI,-28125.0
2015-07-14 00:00:00+00:00,-20,1470.0,127,SIEM,29400.0
2015-07-21 00:00:00+00:00,7,3870.05,107,ORCL,-27090.350000000002
2015-07-21 00:00:00+00:00,-44,669.0,112,PIIL,29436.0
2015-07-28 00:00:00+00:00,262,115.0,76,IOC,-30130.0
2015-07-28 00:00:00+00:00,-28,918.0,113,PIRA,25704.0
2015-08-04 00:00:00+00:00,-47,530.58,33,CCRI,24937.260000000002
2015-08-04 00:00:00+00:00,6,4449.0,96,MRTI,-26694.0
2015-08-11 00:00:00+00:00,15,2003.0,22,BJFS,-30045.0
2015-08-11 00:00:00+00:00,-30,966.0,82,JUBI,28980.0
2015-08-11 00:00:00+00:00,-2,14800.0,108,PAGE,29600.0
2015-08-18 00:00:00+00:00,-69,361.85,30,BRTI,24967.65
2015-08-25 00:00:00+00:00,-225,121.0,35,CHLA,27225.0
2015-08-25 00:00:00+00:00,24,1051.0,41,CUMM,-25224.0
2015-08-25 00:00:00+00:00,-168,165.15,50,FOHE,27745.2
2015-08-25 00:00:00+00:00,6,4000.0,124,SANO,-24000.0
2015-08-25 00:00:00+00:00,-76,264.5,150,VOLT,20102.0
2015-09-01 00:00:00+00:00,6,4799.95,0,ABOT,-28799.699999999997
2015-09-01 00:00:00+00:00,12,2212.85,13,BAJA,-26554.199999999997
2015-09-01 00:00:00+00:00,17,1616.05,20,BJAT,-27472.85
2015-09-01 00:00:00+00:00,-262,102.54,76,IOC,26865.480000000003
2015-09-01 00:00:00+00:00,78,370.22,88,MAXI,-28877.160000000003
2015-09-01 00:00:00+00:00,-130,201.9,94,MRCO,26247.0
2015-09-08 00:00:00+00:00,63,437.4,101,NITT,-27556.199999999997
2015-09-15 00:00:00+00:00,40,713.05,8,ARBN,-28522.0
2015-09-15 00:00:00+00:00,-12,2315.0,13,BAJA,27780.0
2015-09-15 00:00:00+00:00,-94,287.9,27,BPCL,27062.6
2015-09-15 00:00:00+00:00,-71,336.13,147,UPLL,23865.23
2015-09-22 00:00:00+00:00,-40,719.0,8,ARBN,28760.0
2015-09-22 00:00:00+00:00,-78,385.12,88,MAXI,30039.36
2015-09-22 00:00:00+00:00,71,403.0,153,ZEE,-28613.0
2015-09-29 00:00:00+00:00,115,243.73,9,ARTI,-28028.949999999997
2015-09-29 00:00:00+00:00,-74,476.02,21,BJFN,35225.479999999996
2015-10-13 00:00:00+00:00,87,335.1,57,GODR,-29153.7
2015-10-13 00:00:00+00:00,-7,3924.0,107,ORCL,27468.0
2015-10-20 00:00:00+00:00,-27,1042.1,53,GLEN,28136.699999999997
2015-10-27 00:00:00+00:00,168,179.25,47,ESCO,-30114.0
2015-10-27 00:00:00+00:00,-168,172.0,65,HPCL,28896.0
2015-11-03 00:00:00+00:00,317,97.88,70,IGAS,-31027.96
2015-11-03 00:00:00+00:00,54,562.25,75,INFY,-30361.5
2015-11-17 00:00:00+00:00,-54,535.76,75,INFY,28931.04
2015-11-24 00:00:00+00:00,-31,1487.5,29,BRIT,46112.5
2015-11-24 00:00:00+00:00,-24,1011.0,41,CUMM,24264.0
2015-11-24 00:00:00+00:00,59,505.7,89,MBFL,-29836.3
2015-11-24 00:00:00+00:00,211,142.0,139,TREN,-29962.0
2015-12-01 00:00:00+00:00,-317,96.77,70,IGAS,30676.09
2015-12-01 00:00:00+00:00,77,402.9,130,SUTV,-31023.3
2015-12-01 00:00:00+00:00,-71,409.9,153,ZEE,29102.899999999998
2015-12-22 00:00:00+00:00,-15,1945.0,22,BJFS,29175.0
2015-12-22 00:00:00+00:00,54,563.0,99,NATP,-30402.0
2015-12-29 00:00:00+00:00,249,121.5,114,PLNG,-30253.5
2016-01-12 00:00:00+00:00,-168,158.85,47,ESCO,26686.8
2016-01-12 00:00:00+00:00,303,102.49,80,JSTL,-31054.469999999998
2016-01-12 00:00:00+00:00,-6,4310.0,96,MRTI,25860.0
2016-01-12 00:00:00+00:00,140,225.0,137,TOPO,-31500.0
2016-02-02 00:00:00+00:00,-6,5189.65,0,ABOT,31137.899999999998
2016-02-02 00:00:00+00:00,38,807.0,8,ARBN,-30666.0
2016-02-02 00:00:00+00:00,-17,1473.3,20,BJAT,25046.1
2016-02-02 00:00:00+00:00,50,603.7,21,BJFN,-30185.000000000004
2016-02-02 00:00:00+00:00,-87,304.8,57,GODR,26517.600000000002
2016-02-02 00:00:00+00:00,221,136.0,59,GSPT,-30056.0
2016-02-02 00:00:00+00:00,260,112.92,70,IGAS,-29359.2
2016-02-02 00:00:00+00:00,284,103.13,71,IHTL,-29288.92
2016-02-02 00:00:00+00:00,-6,4316.4,124,SANO,25898.399999999998
2016-02-02 00:00:00+00:00,77,383.2,138,TRCE,-29506.399999999998
2016-02-09 00:00:00+00:00,-38,738.0,8,ARBN,28044.0
2016-02-09 00:00:00+00:00,-115,233.22,9,ARTI,26820.3
2016-02-09 00:00:00+00:00,-59,443.1,89,MBFL,26142.9
2016-02-09 00:00:00+00:00,-63,540.0,101,NITT,34020.0
2016-02-09 00:00:00+00:00,4,5840.0,117,PROC,-23360.0
2016-02-09 00:00:00+00:00,-77,347.55,130,SUTV,26761.350000000002
2016-02-16 00:00:00+00:00,-4,5871.8,117,PROC,23487.2
2016-02-16 00:00:00+00:00,62,471.08,121,RELI,-29206.96
2016-02-16 00:00:00+00:00,25,1110.85,133,TCS,-27771.249999999996
2016-02-23 00:00:00+00:00,167,169.93,28,BRGR,-28378.31
2016-02-23 00:00:00+00:00,320,90.48,51,GAIL,-28953.600000000002
2016-02-23 00:00:00+00:00,218,131.27,68,HZNC,-28616.86
2016-02-23 00:00:00+00:00,-54,478.1,99,NATP,25817.4
2016-02-23 00:00:00+00:00,-25,1132.55,133,TCS,28313.75
2016-03-08 00:00:00+00:00,-150,279.16,97,NAFL,41874.00000000001
2016-03-15 00:00:00+00:00,95,300.7,23,BLKI,-28566.5
2016-03-15 00:00:00+00:00,-320,96.08,51,GAIL,30745.6
2016-03-22 00:00:00+00:00,-167,165.36,28,BRGR,27615.120000000003
2016-03-22 00:00:00+00:00,-221,138.6,59,GSPT,30630.6
2016-03-22 00:00:00+00:00,-284,91.58,71,IHTL,26008.72
2016-03-22 00:00:00+00:00,828,36.4,92,MNFL,-30139.199999999997
2016-03-22 00:00:00+00:00,103,273.76,135,TISC,-28197.28
2016-03-22 00:00:00+00:00,-211,155.9,139,TREN,32894.9
2016-03-29 00:00:00+00:00,153,182.11,32,CAST,-27862.83
2016-03-29 00:00:00+00:00,-114,595.05,122,REXP,67835.7
2016-04-05 00:00:00+00:00,196,149.6,35,CHLA,-29321.6
2016-04-05 00:00:00+00:00,5,5632.0,100,NEST,-28160.0
2016-04-05 00:00:00+00:00,92,323.0,142,TVSM,-29716.0
2016-04-12 00:00:00+00:00,-95,307.65,23,BLKI,29226.749999999996
2016-04-12 00:00:00+00:00,107,280.45,37,COAL,-30008.149999999998
2016-04-12 00:00:00+00:00,86,347.0,67,HVEL,-29842.0
2016-04-12 00:00:00+00:00,-5,6099.0,100,NEST,30495.0
2016-04-26 00:00:00+00:00,119,254.0,94,MRCO,-30226.0
2016-05-03 00:00:00+00:00,-107,289.0,37,COAL,30923.0
2016-05-03 00:00:00+00:00,-62,489.36,121,RELI,30340.32
2016-05-03 00:00:00+00:00,-92,323.0,142,TVSM,29716.0
2016-05-10 00:00:00+00:00,296,102.29,19,BION,-30277.84
2016-05-10 00:00:00+00:00,-153,209.16,32,CAST,32001.48
2016-05-10 00:00:00+00:00,4,6305.05,117,PROC,-25220.2
2016-05-17 00:00:00+00:00,28,1072.1,128,SRTR,-30018.799999999996
2016-05-24 00:00:00+00:00,-86,368.35,67,HVEL,31678.100000000002
2016-05-24 00:00:00+00:00,-249,129.1,114,PLNG,32145.899999999998
2016-05-24 00:00:00+00:00,81,381.2,147,UPLL,-30877.2
2016-05-31 00:00:00+00:00,-260,113.8,70,IGAS,29588.0
2016-05-31 00:00:00+00:00,44,693.1,111,PIDI,-30496.4
2016-05-31 00:00:00+00:00,21,1388.86,113,PIRA,-29166.059999999998
2016-05-31 00:00:00+00:00,-140,183.45,137,TOPO,25683.0
2016-06-07 00:00:00+00:00,96,329.7,91,MMFS,-31651.199999999997
2016-06-14 00:00:00+00:00,123,260.0,39,CORF,-31980.0
2016-06-14 00:00:00+00:00,273,114.95,60,HALC,-31381.350000000002
2016-06-14 00:00:00+00:00,10,3040.0,66,HROM,-30400.0
2016-06-21 00:00:00+00:00,44,708.37,58,GRAS,-31168.28
2016-06-21 00:00:00+00:00,-119,255.0,94,MRCO,30345.0
2016-06-21 00:00:00+00:00,-4,6298.9,117,PROC,25195.6
2016-06-21 00:00:00+00:00,323,98.46,148,VGUA,-31802.579999999998
2016-06-28 00:00:00+00:00,416,73.5,45,EDEL,-30576.0
2016-06-28 00:00:00+00:00,-10,3065.1,66,HROM,30651.0
2016-06-28 00:00:00+00:00,-44,707.55,111,PIDI,31132.199999999997
2016-07-05 00:00:00+00:00,296,108.59,40,CTBK,-32142.64
2016-07-12 00:00:00+00:00,210,158.0,44,DLF,-33180.0
2016-07-12 00:00:00+00:00,150,220.85,47,ESCO,-33127.5
2016-07-12 00:00:00+00:00,-44,747.86,58,GRAS,32905.840000000004
2016-07-12 00:00:00+00:00,2,15966.15,126,SHCM,-31932.3
2016-07-12 00:00:00+00:00,-103,298.01,135,TISC,30695.03
2016-07-19 00:00:00+00:00,59,570.7,12,AXBK,-33671.3
2016-07-19 00:00:00+00:00,-50,880.99,21,BJFN,44049.5
2016-07-19 00:00:00+00:00,-218,174.8,68,HZNC,38106.4
2016-07-26 00:00:00+00:00,-81,386.27,147,UPLL,31287.87
2016-07-26 00:00:00+00:00,41,856.9,151,WHIR,-35132.9
2016-08-02 00:00:00+00:00,131,284.32,65,HPCL,-37245.92
2016-08-02 00:00:00+00:00,68,560.0,88,MAXI,-38080.0
2016-08-02 00:00:00+00:00,-41,853.4,151,WHIR,34989.4
2016-08-09 00:00:00+00:00,-59,570.5,12,AXBK,33659.5
2016-08-09 00:00:00+00:00,79,473.98,97,NAFL,-37444.42
2016-08-16 00:00:00+00:00,35,1016.01,21,BJFN,-35560.35
2016-08-16 00:00:00+00:00,13,2780.8,22,BJFS,-36150.4
2016-08-16 00:00:00+00:00,-123,256.1,39,CORF,31500.300000000003
2016-08-16 00:00:00+00:00,-303,173.19,80,JSTL,52476.57
2016-08-23 00:00:00+00:00,-96,334.8,91,MMFS,32140.800000000003
2016-08-30 00:00:00+00:00,-28,1262.55,128,SRTR,35351.4
2016-09-06 00:00:00+00:00,146,263.0,28,BRGR,-38398.0
2016-09-06 00:00:00+00:00,-77,558.0,138,TRCE,42966.0
2016-09-20 00:00:00+00:00,130,298.61,36,CNBK,-38819.3
2016-09-20 00:00:00+00:00,-210,152.65,44,DLF,32056.5
2016-09-20 00:00:00+00:00,535,74.1,49,FED,-39643.5
2016-09-20 00:00:00+00:00,-79,476.57,97,NAFL,37649.03
2016-09-20 00:00:00+00:00,280,138.4,115,PNBK,-38752.0
2016-09-27 00:00:00+00:00,7,5598.95,96,MRTI,-39192.65
2016-10-04 00:00:00+00:00,-196,236.6,35,CHLA,46373.6
2016-10-04 00:00:00+00:00,65,600.2,99,NATP,-39013.0
2016-10-04 00:00:00+00:00,309,124.5,119,RECM,-38470.5
2016-10-04 00:00:00+00:00,-2,17900.0,126,SHCM,35800.0
2016-10-18 00:00:00+00:00,-146,266.9,28,BRGR,38967.399999999994
2016-10-18 00:00:00+00:00,246,161.5,76,IOC,-39729.0
2016-10-18 00:00:00+00:00,-65,600.3,99,NATP,39019.5
2016-10-25 00:00:00+00:00,65,628.05,16,BBRM,-40823.25
2016-10-25 00:00:00+00:00,174,232.57,68,HZNC,-40467.18
2016-10-25 00:00:00+00:00,-68,555.0,88,MAXI,37740.0
2016-11-01 00:00:00+00:00,-296,135.55,40,CTBK,40122.8
2016-11-01 00:00:00+00:00,236,171.37,70,IGAS,-40443.32
2016-11-01 00:00:00+00:00,-21,1790.06,113,PIRA,37591.26
2016-11-01 00:00:00+00:00,35,1173.9,151,WHIR,-41086.5
2016-11-08 00:00:00+00:00,136,295.7,7,APSE,-40215.2
2016-11-08 00:00:00+00:00,-296,151.0,19,BION,44696.0
2016-11-08 00:00:00+00:00,-35,996.7,21,BJFN,34884.5
2016-11-08 00:00:00+00:00,77,506.45,23,BLKI,-38996.65
2016-11-15 00:00:00+00:00,-35,949.0,151,WHIR,33215.0
2016-11-22 00:00:00+00:00,104,328.47,9,ARTI,-34160.880000000005
2016-11-22 00:00:00+00:00,-7,4830.0,96,MRTI,33810.0
2016-11-22 00:00:00+00:00,76,446.95,130,SUTV,-33968.2
2016-11-29 00:00:00+00:00,17,2079.95,20,BJAT,-35359.149999999994
2016-11-29 00:00:00+00:00,-416,100.4,45,EDEL,41766.4
2016-11-29 00:00:00+00:00,-535,70.45,49,FED,37690.75
2016-11-29 00:00:00+00:00,-828,72.8,92,MNFL,60278.399999999994
2016-11-29 00:00:00+00:00,-76,464.7,130,SUTV,35317.2
2016-12-13 00:00:00+00:00,-65,508.0,16,BBRM,33020.0
2016-12-13 00:00:00+00:00,177,209.3,106,ONGC,-37046.1
2016-12-13 00:00:00+00:00,96,368.15,142,TVSM,-35342.399999999994
2016-12-13 00:00:00+00:00,-323,121.43,148,VGUA,39221.89
2016-12-20 00:00:00+00:00,-13,2746.95,22,BJFS,35710.35
2016-12-20 00:00:00+00:00,-280,124.9,115,PNBK,34972.0
2016-12-27 00:00:00+00:00,-150,281.0,47,ESCO,42150.0
2017-01-03 00:00:00+00:00,-17,1825.0,20,BJAT,31025.0
2017-01-03 00:00:00+00:00,-130,254.54,36,CNBK,33090.2
2017-01-03 00:00:00+00:00,282,124.0,118,PWFC,-34968.0
2017-01-17 00:00:00+00:00,535,70.35,98,NALU,-37637.25
2017-01-17 00:00:00+00:00,257,144.4,102,NMDC,-37110.8
2017-01-24 00:00:00+00:00,-136,287.0,7,APSE,39032.0
2017-01-24 00:00:00+00:00,88,417.27,135,TISC,-36719.759999999995
2017-01-31 00:00:00+00:00,287,135.28,51,GAIL,-38825.36
2017-01-31 00:00:00+00:00,596,64.1,123,SAIL,-38203.6
2017-02-07 00:00:00+00:00,114,333.8,39,CORF,-38053.200000000004
2017-02-21 00:00:00+00:00,185,206.45,110,PGRD,-38193.25
2017-02-21 00:00:00+00:00,-282,134.4,118,PWFC,37900.8
2017-02-28 00:00:00+00:00,617,60.71,3,ADEL,-37458.07
2017-02-28 00:00:00+00:00,-96,438.4,142,TVSM,42086.399999999994
2017-03-07 00:00:00+00:00,61,650.02,34,CESC,-39651.22
2017-03-07 00:00:00+00:00,52,734.05,130,SUTV,-38170.6
2017-03-14 00:00:00+00:00,-104,373.53,9,ARTI,38847.119999999995
2017-03-14 00:00:00+00:00,-177,194.6,106,ONGC,34444.2
2017-03-21 00:00:00+00:00,307,129.25,79,JNSP,-39679.75
2017-03-21 00:00:00+00:00,49,811.0,99,NATP,-39739.0
2017-03-28 00:00:00+00:00,-185,194.65,110,PGRD,36010.25
2017-04-11 00:00:00+00:00,-273,195.1,60,HALC,53262.299999999996
2017-04-11 00:00:00+00:00,-131,362.67,65,HPCL,47509.770000000004
2017-04-11 00:00:00+00:00,517,76.27,73,INDB,-39431.59
2017-04-11 00:00:00+00:00,-257,134.5,102,NMDC,34566.5
2017-04-11 00:00:00+00:00,181,222.55,137,TOPO,-40281.55
2017-04-11 00:00:00+00:00,149,271.55,139,TREN,-40460.950000000004
2017-04-18 00:00:00+00:00,261,156.64,14,BAJE,-40883.03999999999
2017-04-18 00:00:00+00:00,46,894.0,16,BBRM,-41124.0
2017-04-18 00:00:00+00:00,-114,338.0,39,CORF,38532.0
2017-04-18 00:00:00+00:00,75,555.0,47,ESCO,-41625.0
2017-04-18 00:00:00+00:00,-287,149.51,51,GAIL,42909.369999999995
2017-04-18 00:00:00+00:00,2595,16.1,54,GMRI,-41779.50000000001
2017-04-18 00:00:00+00:00,-88,421.88,135,TISC,37125.44
2017-04-25 00:00:00+00:00,-261,166.09,14,BAJE,43349.49
2017-04-25 00:00:00+00:00,9,4390.0,22,BJFS,-39510.0
2017-04-25 00:00:00+00:00,238,179.5,45,EDEL,-42721.0
2017-04-25 00:00:00+00:00,-174,275.35,68,HZNC,47910.9
2017-04-25 00:00:00+00:00,-596,60.75,123,SAIL,36207.0
2017-04-25 00:00:00+00:00,88,483.5,136,TITN,-42548.0
2017-05-02 00:00:00+00:00,76,535.0,56,GODI,-40660.0
2017-05-02 00:00:00+00:00,-236,212.0,70,IGAS,50032.0
2017-05-02 00:00:00+00:00,-535,69.2,98,NALU,37022.0
2017-05-02 00:00:00+00:00,67,616.2,122,REXP,-41285.4
2017-05-09 00:00:00+00:00,33,1275.0,21,BJFN,-42075.0
2017-05-09 00:00:00+00:00,212,198.5,44,DLF,-42082.0
2017-05-09 00:00:00+00:00,-67,625.0,122,REXP,41875.0
2017-05-09 00:00:00+00:00,-181,225.75,137,TOPO,40860.75
2017-05-09 00:00:00+00:00,-149,255.15,139,TREN,38017.35
2017-05-09 00:00:00+00:00,201,211.0,148,VGUA,-42411.0
2017-05-16 00:00:00+00:00,-77,775.0,23,BLKI,59675.0
2017-05-16 00:00:00+00:00,85,518.85,57,GODR,-44102.25
2017-05-16 00:00:00+00:00,85,515.0,67,HVEL,-43775.0
2017-05-16 00:00:00+00:00,-246,222.0,76,IOC,54612.0
2017-05-23 00:00:00+00:00,392,110.6,49,FED,-43355.2
2017-05-23 00:00:00+00:00,-76,576.0,56,GODI,43776.0
2017-05-30 00:00:00+00:00,-2595,14.45,54,GMRI,37497.75
2017-05-30 00:00:00+00:00,15,2629.59,113,PIRA,-39443.850000000006
2017-06-06 00:00:00+00:00,-85,487.0,67,HVEL,41395.0
2017-06-06 00:00:00+00:00,80,543.3,142,TVSM,-43464.0
2017-06-13 00:00:00+00:00,-61,699.41,34,CESC,42664.009999999995
2017-06-13 00:00:00+00:00,88,487.9,150,VOLT,-42935.2
2017-06-20 00:00:00+00:00,-9,4232.0,22,BJFS,38088.0
2017-06-27 00:00:00+00:00,53,859.5,23,BLKI,-45553.5
2017-06-27 00:00:00+00:00,291,153.2,52,GGAS,-44581.2
2017-06-27 00:00:00+00:00,-307,119.0,79,JNSP,36533.0
2017-06-27 00:00:00+00:00,63,692.2,122,REXP,-43608.600000000006
2017-06-27 00:00:00+00:00,-88,510.1,136,TITN,44888.8
2017-07-04 00:00:00+00:00,-291,151.8,52,GGAS,44173.8
2017-07-04 00:00:00+00:00,67,646.55,56,GODI,-43318.85
2017-07-04 00:00:00+00:00,58,755.0,85,LICH,-43790.0
2017-07-04 00:00:00+00:00,213,205.04,93,MOSS,-43673.52
2017-07-04 00:00:00+00:00,-309,172.6,119,RECM,53333.4
2017-07-04 00:00:00+00:00,-52,826.5,130,SUTV,42978.0
2017-07-04 00:00:00+00:00,-201,176.05,148,VGUA,35386.05
2017-07-25 00:00:00+00:00,-46,885.05,16,BBRM,40712.299999999996
2017-08-01 00:00:00+00:00,38,1154.0,64,HLL,-43852.0
2017-08-01 00:00:00+00:00,-49,982.25,99,NATP,48130.25
2017-08-01 00:00:00+00:00,88,519.35,101,NITT,-45702.8
2017-08-08 00:00:00+00:00,-212,191.55,44,DLF,40608.600000000006
2017-08-08 00:00:00+00:00,52,894.06,62,HDBK,-46491.119999999995
2017-08-08 00:00:00+00:00,-58,684.25,85,LICH,39686.5
2017-08-08 00:00:00+00:00,-88,500.8,101,NITT,44070.4
2017-08-22 00:00:00+00:00,-617,68.64,3,ADEL,42350.88
2017-08-22 00:00:00+00:00,116,377.85,7,APSE,-43830.600000000006
2017-08-22 00:00:00+00:00,-53,737.58,23,BLKI,39091.740000000005
2017-08-22 00:00:00+00:00,-392,106.3,49,FED,41669.6
2017-08-22 00:00:00+00:00,39,1120.0,58,GRAS,-43680.0
2017-08-22 00:00:00+00:00,71,617.1,136,TITN,-43814.1
2017-08-29 00:00:00+00:00,21,2090.5,29,BRIT,-43900.5
2017-08-29 00:00:00+00:00,-75,617.4,47,ESCO,46305.0
2017-08-29 00:00:00+00:00,-85,541.0,57,GODR,45985.0
2017-08-29 00:00:00+00:00,25,1754.5,63,HDFC,-43862.5
2017-09-05 00:00:00+00:00,-67,612.4,56,GODI,41030.799999999996
2017-09-05 00:00:00+00:00,26,1670.7,72,INBK,-43438.200000000004
2017-09-12 00:00:00+00:00,174,266.9,80,JSTL,-46440.6
2017-09-12 00:00:00+00:00,-15,2689.29,113,PIRA,40339.35
2017-09-12 00:00:00+00:00,76,609.65,135,TISC,-46333.4
2017-09-19 00:00:00+00:00,-116,405.5,7,APSE,47038.0
2017-09-19 00:00:00+00:00,408,118.95,10,ASOK,-48531.6
2017-09-19 00:00:00+00:00,5,8178.0,96,MRTI,-40890.0
2017-09-26 00:00:00+00:00,-25,1755.0,63,HDFC,43875.0
2017-09-26 00:00:00+00:00,157,292.68,70,IGAS,-45950.76
2017-10-03 00:00:00+00:00,16,2801.05,20,BJAT,-44816.8
2017-10-03 00:00:00+00:00,-52,901.99,62,HDBK,46903.48
2017-10-03 00:00:00+00:00,-26,1693.0,72,INBK,44018.0
2017-10-10 00:00:00+00:00,-213,227.5,93,MOSS,48457.5
2017-10-10 00:00:00+00:00,-88,523.95,150,VOLT,46107.600000000006
2017-10-17 00:00:00+00:00,-5,7851.0,96,MRTI,39255.0
2017-10-24 00:00:00+00:00,61,794.0,15,BATA,-48434.0
2017-10-24 00:00:00+00:00,-39,1180.55,58,GRAS,46041.45
2017-10-24 00:00:00+00:00,181,269.6,60,HALC,-48797.600000000006
2017-10-24 00:00:00+00:00,301,157.6,79,JNSP,-47437.6
2017-10-24 00:00:00+00:00,60,776.1,82,JUBI,-46566.0
2017-10-24 00:00:00+00:00,2,19599.0,108,PAGE,-39198.0
2017-10-31 00:00:00+00:00,29,1690.0,16,BBRM,-49010.0
2017-10-31 00:00:00+00:00,-38,1241.0,64,HLL,47158.0
2017-10-31 00:00:00+00:00,52,936.08,121,RELI,-48676.16
2017-10-31 00:00:00+00:00,-71,624.0,136,TITN,44304.0
2017-11-07 00:00:00+00:00,-63,783.45,122,REXP,49357.350000000006
2017-11-07 00:00:00+00:00,218,235.0,131,TAGL,-51230.0
2017-11-14 00:00:00+00:00,47,998.0,43,DIVI,-46906.0
2017-11-14 00:00:00+00:00,-301,171.0,79,JNSP,51471.0
2017-11-21 00:00:00+00:00,-408,115.35,10,ASOK,47062.799999999996
2017-11-21 00:00:00+00:00,182,270.0,137,TOPO,-49140.0
2017-11-28 00:00:00+00:00,-33,1772.0,21,BJFN,58476.0
2017-11-28 00:00:00+00:00,59,832.0,136,TITN,-49088.0
2017-12-12 00:00:00+00:00,68,711.0,57,GODR,-48348.0
2017-12-12 00:00:00+00:00,-181,238.45,60,HALC,43159.45
2017-12-12 00:00:00+00:00,-174,250.95,80,JSTL,43665.299999999996
2017-12-12 00:00:00+00:00,-52,907.35,121,RELI,47182.200000000004
2017-12-12 00:00:00+00:00,148,329.05,139,TREN,-48699.4
2017-12-12 00:00:00+00:00,32,1520.0,151,WHIR,-48640.0
2017-12-19 00:00:00+00:00,-16,2941.85,20,BJAT,47069.6
2017-12-19 00:00:00+00:00,260,186.19,51,GAIL,-48409.4
2017-12-26 00:00:00+00:00,-61,750.0,15,BATA,45750.0
2017-12-26 00:00:00+00:00,-76,644.88,135,TISC,49010.88
2018-01-02 00:00:00+00:00,42,1183.05,23,BLKI,-49688.1
2018-01-02 00:00:00+00:00,-21,2369.12,29,BRIT,49751.52
2018-01-02 00:00:00+00:00,34,1483.0,128,SRTR,-50422.0
2018-01-09 00:00:00+00:00,-517,268.62,73,INDB,138876.54
2018-01-09 00:00:00+00:00,95,540.0,134,TEML,-51300.0
2018-01-09 00:00:00+00:00,-148,345.0,139,TREN,51060.0
2018-01-16 00:00:00+00:00,-238,280.0,45,EDEL,66640.0
2018-01-16 00:00:00+00:00,35,1365.0,74,INED,-47775.0
2018-01-16 00:00:00+00:00,186,268.25,79,JNSP,-49894.5
2018-01-16 00:00:00+00:00,535,100.45,123,SAIL,-53740.75
2018-01-16 00:00:00+00:00,68,759.0,146,UNSP,-51612.0
2018-01-23 00:00:00+00:00,156,302.0,19,BION,-47112.0
2018-01-23 00:00:00+00:00,-157,312.0,70,IGAS,48984.0
2018-01-23 00:00:00+00:00,64,765.75,101,NITT,-49008.0
2018-01-23 00:00:00+00:00,52,987.7,112,PIIL,-51360.4
2018-01-23 00:00:00+00:00,-95,569.15,134,TEML,54069.25
2018-01-23 00:00:00+00:00,-80,717.9,142,TVSM,57432.0
2018-01-30 00:00:00+00:00,368,133.43,3,ADEL,-49102.240000000005
2018-01-30 00:00:00+00:00,-260,179.62,51,GAIL,46701.200000000004
2018-02-06 00:00:00+00:00,63,662.0,90,MINT,-41706.0
2018-02-06 00:00:00+00:00,-2,18300.0,108,PAGE,36600.0
2018-02-06 00:00:00+00:00,49,920.3,130,SUTV,-45094.7
2018-02-06 00:00:00+00:00,-32,1300.0,151,WHIR,41600.0
2018-02-20 00:00:00+00:00,-29,1577.95,16,BBRM,45760.55
2018-02-20 00:00:00+00:00,204,223.65,44,DLF,-45624.6
2018-02-20 00:00:00+00:00,53,869.55,89,MBFL,-46086.149999999994
2018-02-20 00:00:00+00:00,-52,850.25,112,PIIL,44213.0
2018-02-20 00:00:00+00:00,80,575.0,134,TEML,-46000.0
2018-02-20 00:00:00+00:00,-182,259.5,137,TOPO,47229.0
2018-02-27 00:00:00+00:00,8,5822.0,0,ABOT,-46576.0
2018-02-27 00:00:00+00:00,-47,1035.8,43,DIVI,48682.6
2018-02-27 00:00:00+00:00,-204,228.9,44,DLF,46695.6
2018-02-27 00:00:00+00:00,-35,1241.0,74,INED,43435.0
2018-02-27 00:00:00+00:00,83,567.98,75,INFY,-47142.340000000004
2018-02-27 00:00:00+00:00,-49,950.0,130,SUTV,46550.0
2018-03-06 00:00:00+00:00,9,5088.0,124,SANO,-45792.0
2018-03-06 00:00:00+00:00,-68,637.0,146,UNSP,43316.0
2018-03-13 00:00:00+00:00,-42,1036.45,23,BLKI,43530.9
2018-03-13 00:00:00+00:00,-34,1357.0,128,SRTR,46138.0
2018-03-20 00:00:00+00:00,-535,68.0,123,SAIL,36380.0
2018-03-27 00:00:00+00:00,-68,736.75,57,GODR,50099.0
2018-03-27 00:00:00+00:00,-218,264.0,131,TAGL,57552.0
2018-04-10 00:00:00+00:00,53,909.6,47,ESCO,-48208.8
2018-04-17 00:00:00+00:00,-368,100.58,3,ADEL,37013.44
2018-04-17 00:00:00+00:00,46,1038.45,111,PIDI,-47768.700000000004
2018-04-24 00:00:00+00:00,77,632.13,9,ARTI,-48674.01
2018-04-24 00:00:00+00:00,148,341.4,35,CHLA,-50527.2
2018-05-08 00:00:00+00:00,297,166.35,10,ASOK,-49405.95
2018-05-08 00:00:00+00:00,106,465.1,61,HCLT,-49300.600000000006
2018-05-08 00:00:00+00:00,29,1683.78,133,TCS,-48829.62
2018-05-08 00:00:00+00:00,-59,978.95,136,TITN,57758.05
2018-05-15 00:00:00+00:00,-106,460.15,61,HCLT,48775.899999999994
2018-05-15 00:00:00+00:00,38,1274.0,83,KTKM,-48412.0
2018-05-22 00:00:00+00:00,25,1924.7,72,INBK,-48117.5
2018-05-22 00:00:00+00:00,118,393.4,73,INDB,-46421.2
2018-05-22 00:00:00+00:00,-186,239.0,79,JNSP,44454.0
2018-05-22 00:00:00+00:00,-9,4950.0,124,SANO,44550.0
2018-06-05 00:00:00+00:00,16,2877.78,29,BRIT,-46044.48
2018-06-05 00:00:00+00:00,64,756.7,55,GOCP,-48428.8
2018-06-12 00:00:00+00:00,-77,581.85,9,ARTI,44802.450000000004
2018-06-12 00:00:00+00:00,5,9939.0,100,NEST,-49695.0
2018-06-19 00:00:00+00:00,-156,309.6,19,BION,48297.600000000006
2018-06-19 00:00:00+00:00,22,2235.0,21,BJFN,-49170.0
2018-06-26 00:00:00+00:00,-297,132.5,10,ASOK,39352.5
2018-06-26 00:00:00+00:00,-53,873.0,47,ESCO,46269.0
2018-06-26 00:00:00+00:00,31,1615.0,64,HLL,-50065.0
2018-06-26 00:00:00+00:00,56,905.0,87,MAHM,-50680.0
2018-07-03 00:00:00+00:00,-83,665.95,75,INFY,55273.850000000006
2018-07-17 00:00:00+00:00,-148,307.0,35,CHLA,45436.0
2018-07-17 00:00:00+00:00,1,28240.0,108,PAGE,-28240.0
2018-07-17 00:00:00+00:00,-80,654.0,134,TEML,52320.0
2018-07-24 00:00:00+00:00,35,1443.0,11,ASPN,-50505.0
2018-07-24 00:00:00+00:00,163,315.15,28,BRGR,-51369.45
2018-07-24 00:00:00+00:00,-64,894.67,55,GOCP,57258.88
2018-07-31 00:00:00+00:00,7,6922.0,22,BJFS,-48454.0
2018-07-31 00:00:00+00:00,187,276.0,48,EXID,-51612.0
2018-07-31 00:00:00+00:00,-25,1970.1,72,INBK,49252.5
2018-08-07 00:00:00+00:00,55,937.0,15,BATA,-51535.0
2018-08-07 00:00:00+00:00,61,878.7,55,GOCP,-53600.700000000004
2018-08-07 00:00:00+00:00,-63,955.0,90,MINT,60165.0
2018-08-07 00:00:00+00:00,-46,1099.95,111,PIDI,50597.700000000004
2018-08-21 00:00:00+00:00,122,454.25,42,DABU,-55418.5
2018-08-21 00:00:00+00:00,-38,1269.25,83,KTKM,48231.5
2018-09-11 00:00:00+00:00,-35,1295.0,11,ASPN,45325.0
2018-09-11 00:00:00+00:00,14,3570.0,109,PFIZ,-49980.0
2018-09-18 00:00:00+00:00,-187,270.7,48,EXID,50620.9
2018-09-18 00:00:00+00:00,74,730.0,75,INFY,-54020.0
2018-09-18 00:00:00+00:00,-56,949.45,87,MAHM,53169.200000000004
2018-09-18 00:00:00+00:00,44,1214.49,121,RELI,-53437.56
2018-09-25 00:00:00+00:00,368,133.5,3,ADEL,-49128.0
2018-09-25 00:00:00+00:00,-163,290.35,28,BRGR,47327.05
2018-09-25 00:00:00+00:00,-31,1600.0,64,HLL,49600.0
2018-09-25 00:00:00+00:00,81,624.95,67,HVEL,-50620.950000000004
2018-09-25 00:00:00+00:00,-60,1264.0,82,JUBI,75840.0
2018-09-25 00:00:00+00:00,7,6390.05,124,SANO,-44730.35
2018-10-09 00:00:00+00:00,-7,5412.0,22,BJFS,37884.0
2018-10-09 00:00:00+00:00,-16,2824.0,29,BRIT,45184.0
2018-10-09 00:00:00+00:00,78,595.4,53,GLEN,-46441.2
2018-10-09 00:00:00+00:00,-61,701.45,55,GOCP,42788.450000000004
2018-10-09 00:00:00+00:00,32,1415.0,74,INED,-45280.0
2018-10-09 00:00:00+00:00,-5,9380.75,100,NEST,46903.75
2018-10-09 00:00:00+00:00,18,2357.65,120,REDY,-42437.700000000004
2018-10-16 00:00:00+00:00,127,377.0,80,JSTL,-47879.0
2018-10-16 00:00:00+00:00,78,601.95,129,SUN,-46952.100000000006
2018-10-23 00:00:00+00:00,-22,2095.0,21,BJFN,46090.0
2018-10-23 00:00:00+00:00,-118,396.15,73,INDB,46745.7
2018-10-23 00:00:00+00:00,202,239.18,152,WIPR,-48314.36
2018-10-30 00:00:00+00:00,93,493.65,61,HCLT,-45909.45
2018-10-30 00:00:00+00:00,-53,979.0,89,MBFL,51887.0
2018-10-30 00:00:00+00:00,-64,1257.0,101,NITT,80448.0
2018-11-06 00:00:00+00:00,-122,368.0,42,DABU,44896.0
2018-11-06 00:00:00+00:00,31,1466.0,43,DIVI,-45446.0
2018-11-06 00:00:00+00:00,133,348.7,69,ICBK,-46377.1
2018-11-13 00:00:00+00:00,-127,344.0,80,JSTL,43688.0
2018-11-20 00:00:00+00:00,-8,7604.0,0,ABOT,60832.0
2018-11-20 00:00:00+00:00,-1,26546.0,108,PAGE,26546.0
2018-11-20 00:00:00+00:00,-29,1864.82,133,TCS,54079.78
2018-11-27 00:00:00+00:00,-74,625.5,75,INFY,46287.0
2018-11-27 00:00:00+00:00,-14,2825.0,109,PFIZ,39550.0
2018-11-27 00:00:00+00:00,457,101.4,118,PWFC,-46339.8
2018-11-27 00:00:00+00:00,-44,1097.5,121,RELI,48290.0
2018-11-27 00:00:00+00:00,-78,518.9,129,SUN,40474.2
2018-12-04 00:00:00+00:00,38,1288.0,5,APLH,-48944.0
2018-12-04 00:00:00+00:00,67,693.34,9,ARTI,-46453.78
2018-12-04 00:00:00+00:00,76,624.95,12,AXBK,-47496.200000000004
2018-12-04 00:00:00+00:00,58,814.9,41,CUMM,-47264.2
2018-12-11 00:00:00+00:00,-93,470.5,61,HCLT,43756.5
2018-12-11 00:00:00+00:00,223,195.0,131,TAGL,-43485.0
2019-01-01 00:00:00+00:00,327,148.2,71,IHTL,-48461.399999999994
2019-01-01 00:00:00+00:00,68,677.35,99,NATP,-46059.8
2019-01-01 00:00:00+00:00,-7,6370.0,124,SANO,44590.0
2019-01-08 00:00:00+00:00,-76,636.0,12,AXBK,48336.0
2019-01-08 00:00:00+00:00,36,1305.4,38,COLG,-46994.4
2019-01-08 00:00:00+00:00,-81,694.0,67,HVEL,56214.0
2019-01-08 00:00:00+00:00,-32,1632.1,74,INED,52227.2
2019-01-08 00:00:00+00:00,270,176.75,105,OILI,-47722.5
2019-01-22 00:00:00+00:00,-368,145.4,3,ADEL,53507.200000000004
2019-01-22 00:00:00+00:00,209,228.45,37,COAL,-47746.049999999996
2019-01-22 00:00:00+00:00,55,851.65,112,PIIL,-46840.75
2019-01-29 00:00:00+00:00,-78,635.9,53,GLEN,49600.2
2019-02-12 00:00:00+00:00,-68,679.3,99,NATP,46192.399999999994
2019-02-12 00:00:00+00:00,421,108.38,103,NTPC,-45627.979999999996
2019-02-12 00:00:00+00:00,95,478.4,135,TISC,-45448.0
2019-02-12 00:00:00+00:00,43,1058.0,136,TITN,-45494.0
2019-02-19 00:00:00+00:00,-58,660.05,41,CUMM,38282.899999999994
2019-02-19 00:00:00+00:00,586,80.5,49,FED,-47173.0
2019-02-26 00:00:00+00:00,-270,172.4,105,OILI,46548.0
2019-02-26 00:00:00+00:00,-18,2653.9,120,REDY,47770.200000000004
2019-02-26 00:00:00+00:00,-223,189.75,131,TAGL,42314.25
2019-02-26 00:00:00+00:00,-95,498.0,135,TISC,47310.0
2019-02-26 00:00:00+00:00,83,561.5,147,UPLL,-46604.5
2019-03-05 00:00:00+00:00,-38,1159.8,5,APLH,44072.4
2019-03-05 00:00:00+00:00,-209,233.4,37,COAL,48780.6
2019-03-05 00:00:00+00:00,103,439.1,39,CORF,-45227.3
2019-03-05 00:00:00+00:00,399,115.05,92,MNFL,-45904.95
2019-03-05 00:00:00+00:00,-421,119.17,103,NTPC,50170.57
2019-03-12 00:00:00+00:00,-586,91.9,49,FED,53853.4
2019-03-12 00:00:00+00:00,-327,145.0,71,IHTL,47415.0
2019-03-12 00:00:00+00:00,368,135.0,119,RECM,-49680.0
2019-03-19 00:00:00+00:00,-67,683.85,9,ARTI,45817.950000000004
2019-03-19 00:00:00+00:00,-133,398.4,69,ICBK,52987.2
2019-03-19 00:00:00+00:00,26,1848.9,74,INED,-48071.4
2019-03-19 00:00:00+00:00,53,893.5,77,IPCA,-47355.5
2019-03-26 00:00:00+00:00,61,831.1,57,GODR,-50697.1
2019-03-26 00:00:00+00:00,65,741.0,67,HVEL,-48165.0
2019-03-26 00:00:00+00:00,95,514.9,104,OEBO,-48915.5
2019-03-26 00:00:00+00:00,4,10348.0,117,PROC,-41392.0
2019-03-26 00:00:00+00:00,-202,257.1,152,WIPR,51934.200000000004
2019-04-02 00:00:00+00:00,33,1493.0,11,ASPN,-49269.0
2019-04-02 00:00:00+00:00,65,769.15,12,AXBK,-49994.75
2019-04-02 00:00:00+00:00,16,3024.8,21,BJFN,-48396.8
2019-04-02 00:00:00+00:00,6,7197.4,22,BJFS,-43184.399999999994
2019-04-02 00:00:00+00:00,-36,1255.0,38,COLG,45180.0
2019-04-09 00:00:00+00:00,15,3316.95,20,BJAT,-49754.25
2019-04-09 00:00:00+00:00,-4,10730.0,117,PROC,42920.0
2019-04-09 00:00:00+00:00,38,1316.42,121,RELI,-50023.96000000001
2019-04-16 00:00:00+00:00,-103,448.0,39,CORF,46144.0
2019-04-16 00:00:00+00:00,4,10736.75,117,PROC,-42947.0
2019-04-23 00:00:00+00:00,-33,1449.0,11,ASPN,47817.0
2019-04-23 00:00:00+00:00,160,313.55,70,IGAS,-50168.0
2019-04-30 00:00:00+00:00,-15,3261.0,20,BJAT,48915.0
2019-04-30 00:00:00+00:00,-31,1722.35,43,DIVI,53392.85
2019-04-30 00:00:00+00:00,51,977.7,90,MINT,-49862.700000000004
2019-04-30 00:00:00+00:00,193,262.0,116,PREG,-50566.0
2019-05-07 00:00:00+00:00,35,1410.0,83,KTKM,-49350.0
2019-05-07 00:00:00+00:00,-4,10427.95,117,PROC,41711.8
2019-05-14 00:00:00+00:00,-65,735.95,67,HVEL,47836.75
2019-05-14 00:00:00+00:00,-457,106.25,118,PWFC,48556.25
2019-05-14 00:00:00+00:00,65,732.0,138,TRCE,-47580.0
2019-05-21 00:00:00+00:00,77,670.05,122,REXP,-51593.85
2019-06-04 00:00:00+00:00,-95,560.0,104,OEBO,53200.0
2019-06-04 00:00:00+00:00,2,21676.0,126,SHCM,-43352.0
2019-06-11 00:00:00+00:00,279,185.95,52,GGAS,-51880.049999999996
2019-06-11 00:00:00+00:00,-38,1309.44,121,RELI,49758.72
2019-06-11 00:00:00+00:00,-77,659.1,122,REXP,50750.700000000004
2019-06-25 00:00:00+00:00,-53,944.7,77,IPCA,50069.100000000006
2019-07-02 00:00:00+00:00,-55,1454.0,15,BATA,79970.0
2019-07-02 00:00:00+00:00,-51,881.7,90,MINT,44966.700000000004
2019-07-09 00:00:00+00:00,-65,778.5,12,AXBK,50602.5
2019-07-09 00:00:00+00:00,-160,297.9,70,IGAS,47664.0
2019-07-09 00:00:00+00:00,86,545.05,104,OEBO,-46874.299999999996
2019-07-09 00:00:00+00:00,40,1250.0,127,SIEM,-50000.0
2019-07-16 00:00:00+00:00,496,102.9,14,BAJE,-51038.4
2019-07-16 00:00:00+00:00,-61,950.0,57,GODR,57950.0
2019-07-16 00:00:00+00:00,-368,149.75,119,RECM,55108.0
2019-07-23 00:00:00+00:00,199,250.0,131,TAGL,-49750.0
2019-07-23 00:00:00+00:00,-43,1090.0,136,TITN,46870.0
2019-07-23 00:00:00+00:00,-83,642.6,147,UPLL,53335.8
2019-07-30 00:00:00+00:00,-399,114.0,92,MNFL,45486.0
2019-07-30 00:00:00+00:00,-86,549.0,104,OEBO,47214.0
2019-07-30 00:00:00+00:00,124,406.1,139,TREN,-50356.4
2019-08-06 00:00:00+00:00,-6,6950.0,22,BJFS,41700.0
2019-08-06 00:00:00+00:00,231,208.25,59,GSPT,-48105.75
2019-08-06 00:00:00+00:00,72,685.5,122,REXP,-49356.0
2019-08-06 00:00:00+00:00,165,298.8,125,SBI,-49302.0
2019-08-06 00:00:00+00:00,-65,704.25,138,TRCE,45776.25
2019-08-13 00:00:00+00:00,5,9050.0,0,ABOT,-45250.0
2019-08-20 00:00:00+00:00,-496,96.9,14,BAJE,48062.4
2019-08-20 00:00:00+00:00,4,12114.0,100,NEST,-48456.0
2019-08-20 00:00:00+00:00,-165,287.3,125,SBI,47404.5
2019-08-20 00:00:00+00:00,-40,1168.1,127,SIEM,46724.0
2019-08-20 00:00:00+00:00,175,286.75,137,TOPO,-50181.25
2019-08-27 00:00:00+00:00,64,755.05,9,ARTI,-48323.2
2019-09-03 00:00:00+00:00,33,1496.0,5,APLH,-49368.0
2019-09-03 00:00:00+00:00,-2,18579.0,126,SHCM,37158.0
2019-09-17 00:00:00+00:00,-64,779.95,9,ARTI,49916.8
2019-09-17 00:00:00+00:00,-16,3424.95,21,BJFN,54799.2
2019-09-17 00:00:00+00:00,138,364.25,28,BRGR,-50266.5
2019-09-17 00:00:00+00:00,27,1814.75,64,HLL,-48998.25
2019-09-17 00:00:00+00:00,-26,1944.1,74,INED,50546.6
2019-09-17 00:00:00+00:00,213,239.8,78,ITC,-51077.4
2019-09-17 00:00:00+00:00,-72,678.0,122,REXP,48816.0
2019-09-24 00:00:00+00:00,66,819.05,34,CESC,-54057.299999999996
2019-10-01 00:00:00+00:00,65,807.0,75,INFY,-52455.0
2019-10-01 00:00:00+00:00,-213,259.1,78,ITC,55188.3
2019-10-01 00:00:00+00:00,26,1887.45,151,WHIR,-49073.700000000004
2019-10-15 00:00:00+00:00,29,1807.7,11,ASPN,-52423.3
2019-10-15 00:00:00+00:00,30,1730.0,15,BATA,-51900.0
2019-10-15 00:00:00+00:00,-66,770.0,34,CESC,50820.0
2019-10-15 00:00:00+00:00,33,1529.8,38,COLG,-50483.4
2019-10-15 00:00:00+00:00,-279,175.0,52,GGAS,48825.0
2019-10-15 00:00:00+00:00,204,258.9,114,PLNG,-52815.6
2019-10-15 00:00:00+00:00,-193,283.6,116,PREG,54734.8
2019-10-22 00:00:00+00:00,-175,284.75,137,TOPO,49831.25
2019-10-29 00:00:00+00:00,-65,651.0,75,INFY,42315.0
2019-10-29 00:00:00+00:00,-35,1597.4,83,KTKM,55909.0
2019-10-29 00:00:00+00:00,8,6500.0,124,SANO,-52000.0
2019-11-05 00:00:00+00:00,32,1679.5,127,SIEM,-53744.0
2019-11-05 00:00:00+00:00,79,689.45,150,VOLT,-54466.55
2019-11-19 00:00:00+00:00,-33,1408.8,5,APLH,46490.4
2019-11-19 00:00:00+00:00,2606,21.3,54,GMRI,-55507.8
2019-11-19 00:00:00+00:00,-231,220.0,59,GSPT,50820.0
2019-11-19 00:00:00+00:00,129,417.0,70,IGAS,-53793.0
2019-11-26 00:00:00+00:00,107,509.0,27,BPCL,-54463.0
2019-12-10 00:00:00+00:00,262,207.45,3,ADEL,-54351.899999999994
2019-12-10 00:00:00+00:00,-79,680.0,150,VOLT,53720.0
2019-12-17 00:00:00+00:00,56,947.7,97,NAFL,-53071.200000000004
2019-12-17 00:00:00+00:00,-204,274.65,114,PLNG,56028.6
2019-12-24 00:00:00+00:00,57,950.7,23,BLKI,-54189.9
2019-12-24 00:00:00+00:00,105,515.05,39,CORF,-54080.24999999999
2019-12-24 00:00:00+00:00,243,226.0,52,GGAS,-54918.0
2019-12-24 00:00:00+00:00,-27,1952.0,64,HLL,52704.0
2019-12-24 00:00:00+00:00,12,4235.1,109,PFIZ,-50821.200000000004
2019-12-24 00:00:00+00:00,35,1554.17,121,RELI,-54395.950000000004
2019-12-24 00:00:00+00:00,-8,6880.05,124,SANO,55040.4
2019-12-24 00:00:00+00:00,-32,1538.0,127,SIEM,49216.0
2019-12-24 00:00:00+00:00,-124,522.2,139,TREN,64752.8
2020-01-07 00:00:00+00:00,-29,1711.0,11,ASPN,49619.0
2020-01-07 00:00:00+00:00,-30,1710.0,15,BATA,51300.0
2020-01-07 00:00:00+00:00,31,1688.0,82,JUBI,-52328.0
2020-01-07 00:00:00+00:00,307,175.95,92,MNFL,-54016.649999999994
2020-01-14 00:00:00+00:00,-33,1480.0,38,COLG,48840.0
2020-01-14 00:00:00+00:00,103,536.2,69,ICBK,-55228.600000000006
2020-01-21 00:00:00+00:00,6,9583.95,22,BJFS,-57503.700000000004
2020-01-21 00:00:00+00:00,-107,457.6,27,BPCL,48963.200000000004
2020-01-21 00:00:00+00:00,112,510.0,30,BRTI,-57120.0
2020-01-21 00:00:00+00:00,-4,15361.05,100,NEST,61444.2
2020-01-28 00:00:00+00:00,334,179.8,79,JNSP,-60053.200000000004
2020-01-28 00:00:00+00:00,-35,1494.43,121,RELI,52305.05
2020-01-28 00:00:00+00:00,-199,382.8,131,TAGL,76177.2
2020-01-28 00:00:00+00:00,333,183.9,132,TAMO,-61238.700000000004
2020-02-04 00:00:00+00:00,235,231.4,44,DLF,-54379.0
2020-02-04 00:00:00+00:00,-55,1557.0,112,PIIL,85635.0
2020-02-04 00:00:00+00:00,152,384.0,131,TAGL,-58368.0
2020-02-11 00:00:00+00:00,-6,9643.5,22,BJFS,57861.0
2020-02-18 00:00:00+00:00,66,884.1,47,ESCO,-58350.6
2020-02-18 00:00:00+00:00,-103,541.0,69,ICBK,55723.0
2020-02-18 00:00:00+00:00,-12,4040.0,109,PFIZ,48480.0
2020-02-25 00:00:00+00:00,41,1470.55,77,IPCA,-60292.549999999996
2020-02-25 00:00:00+00:00,1495,39.4,123,SAIL,-58903.0
2020-02-25 00:00:00+00:00,-26,2245.0,151,WHIR,58370.0
2020-03-03 00:00:00+00:00,55,1005.0,90,MINT,-55275.0
2020-03-03 00:00:00+00:00,-307,164.1,92,MNFL,50378.7
2020-03-03 00:00:00+00:00,-1495,35.45,123,SAIL,52997.75000000001
2020-03-03 00:00:00+00:00,-333,127.5,132,TAMO,42457.5
2020-03-03 00:00:00+00:00,172,312.55,140,TTCH,-53758.6
2020-03-17 00:00:00+00:00,-138,428.5,28,BRGR,59133.0
2020-03-17 00:00:00+00:00,24,1892.0,43,DIVI,-45408.0
2020-03-17 00:00:00+00:00,-235,150.0,44,DLF,35250.0
2020-03-17 00:00:00+00:00,-2606,16.65,54,GMRI,43389.899999999994
2020-03-17 00:00:00+00:00,40,1308.0,101,NITT,-52320.0
2020-03-17 00:00:00+00:00,2,19905.05,126,SHCM,-39810.1
2020-03-17 00:00:00+00:00,87,566.0,139,TREN,-49242.0
2020-03-24 00:00:00+00:00,-262,125.0,3,ADEL,32750.0
2020-03-24 00:00:00+00:00,148,257.0,19,BION,-38036.0
2020-03-24 00:00:00+00:00,144,297.0,31,CADI,-42768.0
2020-03-24 00:00:00+00:00,-129,319.0,70,IGAS,41151.0
2020-03-24 00:00:00+00:00,325,123.35,73,INDB,-40088.75
2020-03-24 00:00:00+00:00,-31,1279.0,82,JUBI,39649.0
2020-03-24 00:00:00+00:00,-40,928.0,101,NITT,37120.0
2020-03-24 00:00:00+00:00,10,3850.0,109,PFIZ,-38500.0
2020-03-24 00:00:00+00:00,31,1258.5,111,PIDI,-39013.5
2020-03-24 00:00:00+00:00,-172,212.05,140,TTCH,36472.6
2020-03-31 00:00:00+00:00,33,1250.0,38,COLG,-41250.0
2020-03-31 00:00:00+00:00,88,474.0,67,HVEL,-41712.0
2020-03-31 00:00:00+00:00,-334,82.5,79,JNSP,27555.0
2020-03-31 00:00:00+00:00,154,265.4,94,MRCO,-40871.6
2020-03-31 00:00:00+00:00,-2,17274.15,126,SHCM,34548.3
2020-03-31 00:00:00+00:00,-152,291.5,131,TAGL,44308.0
2020-04-07 00:00:00+00:00,-66,623.0,47,ESCO,41118.0
2020-04-07 00:00:00+00:00,2,15575.0,100,NEST,-31150.0
2020-04-07 00:00:00+00:00,-10,3780.74,109,PFIZ,37807.399999999994
2020-04-07 00:00:00+00:00,4,10420.0,117,PROC,-41680.0
2020-04-07 00:00:00+00:00,-87,472.0,139,TREN,41064.0
2020-04-21 00:00:00+00:00,-57,890.15,23,BLKI,50738.549999999996
2020-04-21 00:00:00+00:00,-325,108.15,73,INDB,35148.75
2020-04-21 00:00:00+00:00,294,164.0,110,PGRD,-48216.0
2020-04-21 00:00:00+00:00,-31,1436.5,111,PIDI,44531.5
2020-04-21 00:00:00+00:00,11,3835.0,120,REDY,-42185.0
2020-04-21 00:00:00+00:00,283,180.0,148,VGUA,-50940.0
2020-05-05 00:00:00+00:00,-33,1405.0,38,COLG,46365.0
2020-05-05 00:00:00+00:00,-4,10499.0,117,PROC,41996.0
2020-05-12 00:00:00+00:00,46,1023.9,9,ARTI,-47099.4
2020-05-12 00:00:00+00:00,-243,251.0,52,GGAS,60993.0
2020-05-12 00:00:00+00:00,-55,890.85,90,MINT,48996.75
2020-05-19 00:00:00+00:00,72,673.95,8,ARBN,-48524.4
2020-05-26 00:00:00+00:00,-154,317.3,94,MRCO,48864.200000000004
2020-05-26 00:00:00+00:00,4,9851.1,117,PROC,-39404.4
2020-06-02 00:00:00+00:00,52,972.4,47,ESCO,-50564.799999999996
2020-06-09 00:00:00+00:00,-105,654.0,39,CORF,68670.0
2020-06-16 00:00:00+00:00,-46,892.0,9,ARTI,41032.0
2020-06-23 00:00:00+00:00,68,729.85,39,CORF,-49629.8
2020-06-30 00:00:00+00:00,414,122.75,50,FOHE,-50818.5
2020-06-30 00:00:00+00:00,-88,578.2,67,HVEL,50881.600000000006
2020-06-30 00:00:00+00:00,55,935.0,86,LUPN,-51425.0
2020-07-07 00:00:00+00:00,-294,178.5,110,PGRD,52479.0
2020-07-07 00:00:00+00:00,5300,9.8,149,VODA,-51940.00000000001
2020-07-14 00:00:00+00:00,124,416.95,53,GLEN,-51701.799999999996
2020-07-14 00:00:00+00:00,-283,173.0,148,VGUA,48959.0
2020-07-21 00:00:00+00:00,13,3999.0,29,BRIT,-51987.0
2020-07-21 00:00:00+00:00,-2,17350.0,100,NEST,34700.0
2020-07-21 00:00:00+00:00,-4,10678.15,117,PROC,42712.6
2020-07-21 00:00:00+00:00,26,1939.0,121,RELI,-50414.0
2020-07-28 00:00:00+00:00,-414,135.55,50,FOHE,56117.700000000004
2020-08-04 00:00:00+00:00,-5,16050.0,0,ABOT,80250.0
2020-08-04 00:00:00+00:00,19,2663.75,66,HROM,-50611.25
2020-08-04 00:00:00+00:00,144,366.1,94,MRCO,-52718.4
2020-08-04 00:00:00+00:00,28,1857.0,112,PIIL,-51996.0
2020-08-11 00:00:00+00:00,-112,558.0,30,BRTI,62496.0
2020-08-11 00:00:00+00:00,104,548.0,129,SUN,-56992.0
2020-08-11 00:00:00+00:00,109,524.5,131,TAGL,-57170.5
2020-08-18 00:00:00+00:00,-24,3129.85,43,DIVI,75116.4
2020-08-18 00:00:00+00:00,88,625.0,87,MAHM,-55000.0
2020-08-18 00:00:00+00:00,46,1211.0,89,MBFL,-55706.0
2020-08-18 00:00:00+00:00,-28,1937.45,112,PIIL,54248.6
2020-08-25 00:00:00+00:00,251,227.0,79,JNSP,-56977.0
2020-08-25 00:00:00+00:00,-104,533.6,129,SUN,55494.4
2020-09-01 00:00:00+00:00,497,107.0,14,BAJE,-53179.0
2020-09-01 00:00:00+00:00,40,1355.0,16,BBRM,-54200.0
2020-09-01 00:00:00+00:00,1391,39.0,18,BHEL,-54249.0
2020-09-01 00:00:00+00:00,-148,382.45,19,BION,56602.6
2020-09-01 00:00:00+00:00,40,1320.0,23,BLKI,-52800.0
2020-09-01 00:00:00+00:00,-144,373.1,31,CADI,53726.4
2020-09-01 00:00:00+00:00,276,185.2,60,HALC,-51115.2
2020-09-01 00:00:00+00:00,77,695.0,61,HCLT,-53515.0
2020-09-01 00:00:00+00:00,-41,1887.55,77,IPCA,77389.55
2020-09-01 00:00:00+00:00,-55,932.2,86,LUPN,51271.0
2020-09-01 00:00:00+00:00,-144,368.9,94,MRCO,53121.6
2020-09-01 00:00:00+00:00,-11,4271.1,120,REDY,46982.100000000006
2020-09-08 00:00:00+00:00,-13,3726.9,29,BRIT,48449.700000000004
2020-09-08 00:00:00+00:00,-68,739.9,39,CORF,50313.2
2020-09-08 00:00:00+00:00,728,75.9,45,EDEL,-55255.200000000004
2020-09-08 00:00:00+00:00,-56,1964.4,97,NAFL,110006.40000000001
2020-09-08 00:00:00+00:00,41,1268.45,113,PIRA,-52006.450000000004
2020-09-08 00:00:00+00:00,380,149.45,132,TAMO,-56790.99999999999
2020-09-08 00:00:00+00:00,980,57.7,141,TTPW,-56546.0
2020-09-15 00:00:00+00:00,-497,106.05,14,BAJE,52706.85
2020-09-15 00:00:00+00:00,116,478.5,17,BFRG,-55506.0
2020-09-15 00:00:00+00:00,-40,1377.25,23,BLKI,55090.0
2020-09-15 00:00:00+00:00,139,394.8,46,EMAM,-54877.200000000004
2020-09-15 00:00:00+00:00,-77,791.05,61,HCLT,60910.85
2020-09-15 00:00:00+00:00,25,2150.2,101,NITT,-53754.99999999999
2020-09-22 00:00:00+00:00,188,278.25,3,ADEL,-52311.0
2020-09-22 00:00:00+00:00,-72,798.25,8,ARBN,57474.0
2020-09-22 00:00:00+00:00,194,269.3,80,JSTL,-52244.200000000004
2020-09-22 00:00:00+00:00,-41,1278.95,113,PIRA,52436.950000000004
2020-09-29 00:00:00+00:00,-1391,32.25,18,BHEL,44859.75
2020-09-29 00:00:00+00:00,-124,496.0,53,GLEN,61504.0
2020-09-29 00:00:00+00:00,65,837.4,61,HCLT,-54431.0
2020-09-29 00:00:00+00:00,219,241.4,73,INDB,-52866.6
2020-10-06 00:00:00+00:00,-276,180.6,60,HALC,49845.6
2020-10-06 00:00:00+00:00,-19,3142.6,66,HROM,59709.4
2020-10-06 00:00:00+00:00,162,335.0,152,WIPR,-54270.0
2020-10-13 00:00:00+00:00,-40,1253.95,16,BBRM,50158.0
2020-10-13 00:00:00+00:00,-52,1254.35,47,ESCO,65226.2
2020-10-13 00:00:00+00:00,46,1135.55,75,INFY,-52235.299999999996
2020-10-13 00:00:00+00:00,34,1568.25,90,MINT,-53320.5
2020-10-13 00:00:00+00:00,-109,473.8,131,TAGL,51644.200000000004
2020-10-20 00:00:00+00:00,-728,56.95,45,EDEL,41459.6
2020-10-20 00:00:00+00:00,16,3249.0,66,HROM,-51984.0
2020-10-20 00:00:00+00:00,62,820.6,134,TEML,-50877.200000000004
2020-10-20 00:00:00+00:00,-5300,7.9,149,VODA,41870.0
2020-10-27 00:00:00+00:00,24,2079.45,5,APLH,-49906.799999999996
2020-10-27 00:00:00+00:00,-16,2925.0,66,HROM,46800.0
2020-10-27 00:00:00+00:00,-88,600.4,87,MAHM,52835.2
2020-11-03 00:00:00+00:00,21,2292.6,77,IPCA,-48144.6
2020-11-03 00:00:00+00:00,-26,1890.0,121,RELI,49140.0
2020-11-03 00:00:00+00:00,-980,52.7,141,TTPW,51646.0
2020-11-10 00:00:00+00:00,582,85.7,10,ASOK,-49877.4
2020-11-10 00:00:00+00:00,-116,497.95,17,BFRG,57762.2
2020-11-10 00:00:00+00:00,169,308.0,35,CHLA,-52052.0
2020-11-10 00:00:00+00:00,62,831.0,67,HVEL,-51522.0
2020-11-10 00:00:00+00:00,-251,212.05,79,JNSP,53224.55
2020-11-10 00:00:00+00:00,21,2469.9,97,NAFL,-51867.9
2020-11-17 00:00:00+00:00,22,2347.1,112,PIIL,-51636.2
2020-11-24 00:00:00+00:00,-21,2210.0,77,IPCA,46410.0
2020-11-24 00:00:00+00:00,21,2633.2,82,JUBI,-55297.2
2020-12-01 00:00:00+00:00,62,867.0,58,GRAS,-53754.0
2020-12-01 00:00:00+00:00,-380,182.35,132,TAMO,69293.0
2020-12-08 00:00:00+00:00,319,184.95,132,TAMO,-58999.049999999996
2020-12-15 00:00:00+00:00,303,189.4,6,APLO,-57388.200000000004
2020-12-15 00:00:00+00:00,62,923.0,72,INBK,-57226.0
2020-12-15 00:00:00+00:00,-46,1156.0,75,INFY,53176.0
2020-12-15 00:00:00+00:00,-46,1329.85,89,MBFL,61173.1
2020-12-22 00:00:00+00:00,327,173.05,40,CTBK,-56587.350000000006
2020-12-22 00:00:00+00:00,-65,879.15,61,HCLT,57144.75
2020-12-22 00:00:00+00:00,-22,2225.0,112,PIIL,48950.0
2020-12-22 00:00:00+00:00,70,778.0,150,VOLT,-54460.0
2021-01-05 00:00:00+00:00,22,2753.7,11,ASPN,-60581.399999999994
2021-01-05 00:00:00+00:00,-34,1685.0,90,MINT,57290.0
2021-01-05 00:00:00+00:00,-25,2846.0,101,NITT,71150.0
2021-01-05 00:00:00+00:00,90,687.0,135,TISC,-61830.0
2021-01-12 00:00:00+00:00,245,245.2,44,DLF,-60074.0
2021-01-12 00:00:00+00:00,-139,468.0,46,EMAM,65052.0
2021-01-12 00:00:00+00:00,-21,2665.0,97,NAFL,55965.0
2021-01-12 00:00:00+00:00,110,585.55,104,OEBO,-64410.49999999999
2021-01-12 00:00:00+00:00,52,1245.0,128,SRTR,-64740.0
2021-01-12 00:00:00+00:00,-162,447.95,152,WIPR,72567.9
2021-01-19 00:00:00+00:00,45,1353.8,57,GODR,-60921.0
2021-01-19 00:00:00+00:00,12,4937.9,74,INED,-59254.799999999996
2021-01-19 00:00:00+00:00,-21,2795.0,82,JUBI,58695.0
2021-01-19 00:00:00+00:00,-62,1006.6,134,TEML,62409.200000000004
2021-01-19 00:00:00+00:00,120,516.3,140,TTCH,-61955.99999999999
2021-01-19 00:00:00+00:00,-70,893.15,150,VOLT,62520.5
